,Id_Estacion,Fecha,Precipitacion,Temp_Max,Temp_Min,Evaporacion,min_pres,max_pres,mean_pres,std_pres,min_rad,max_rad,mean_rad,std_rad,min_hum,max_hum,mean_hum,std_hum
2353978,11020.0,2002-01-01,0.0,26.0,5.5,3.9,,,,,0.0,0.0,0.0,0.0,15.9,94.0,50.51625,27.7849056319841
2353979,11020.0,2002-01-02,0.0,25.0,5.0,4.83,,,,,0.0,0.0,0.0,0.0,14.66,94.7,49.7945833333333,27.4432015782109
2353980,11020.0,2002-01-03,0.0,26.0,5.5,4.17,,,,,0.0,0.0,0.0,0.0,14.62,100.0,63.7079166666667,34.9210768521604
2353981,11020.0,2002-01-04,0.0,24.0,5.5,5.12,,,,,0.0,0.0,0.0,0.0,17.42,93.1,54.0183333333333,26.6022893206853
2353982,11020.0,2002-01-05,0.0,26.0,5.0,4.21,,,,,0.0,0.0,0.0,0.0,14.08,87.3,49.1958333333333,24.5146201128095
2353983,11020.0,2002-01-06,0.0,28.0,3.5,4.0,,,,,0.0,0.0,0.0,0.0,16.17,100.0,56.6633333333333,30.95194953004
2353984,11020.0,2002-01-07,0.0,26.0,3.5,4.42,,,,,0.0,0.0,0.0,0.0,27.51,92.8,59.8866666666667,22.4402897886168
2353985,11020.0,2002-01-08,0.0,27.0,2.5,4.96,,,,,0.0,0.0,0.0,0.0,14.66,100.0,63.0966666666667,31.9167898661867
2353986,11020.0,2002-01-09,0.0,26.0,3.0,4.79,,,,,0.0,0.0,0.0,0.0,13.31,92.2,51.24375,29.0365038338176
2353987,11020.0,2002-01-10,0.0,22.0,4.0,4.11,,,,,0.0,0.0,0.0,0.0,10.66,71.5,41.8670833333333,21.8752342554745
2353988,11020.0,2002-01-11,0.9,22.0,4.5,2.58,,,,,0.0,0.0,0.0,0.0,21.18,80.9,46.56375,19.8250138028353
2353989,11020.0,2002-01-12,27.0,18.0,5.5,1.42,,,,,0.0,0.0,0.0,0.0,25.46,100.0,83.8191666666667,23.9894770257923
2353990,11020.0,2002-01-13,11.6,12.0,7.5,1.51,,,,,0.0,908.0,69.8461538461538,251.833889086254,98.0,100.0,99.6958333333333,0.644359585450794
2353991,11020.0,2002-01-14,0.0,22.0,2.0,2.83,,,,,0.0,452.0,34.7692307692308,125.362244346902,42.8,100.0,86.1841666666667,21.8104207077552
2353992,11020.0,2002-01-15,0.0,23.0,2.0,2.93,,,,,0.0,0.0,0.0,0.0,41.32,100.0,79.4204166666667,19.9638485178817
2353993,11020.0,2002-01-16,0.0,27.0,3.0,3.9,,,,,0.0,0.0,0.0,0.0,31.8,100.0,78.85125,26.557212614426
2353994,11020.0,2002-01-17,0.0,29.0,5.0,4.86,,,,,0.0,0.0,0.0,0.0,24.91,100.0,70.4520833333333,29.8302444974117
2353995,11020.0,2002-01-18,0.0,29.0,6.0,4.19,,,,,0.0,0.0,0.0,0.0,18.76,100.0,64.9495833333333,30.231062125075
2353996,11020.0,2002-01-19,0.0,29.0,7.5,5.1,,,,,0.0,0.0,0.0,0.0,21.37,97.1,61.5975,30.4953332495318
2353997,11020.0,2002-01-20,0.0,29.5,8.0,5.62,,,,,0.0,0.0,0.0,0.0,24.2,100.0,71.7541666666667,31.2381022800357
2353998,11020.0,2002-01-21,0.0,29.0,7.0,5.36,,,,,0.0,0.0,0.0,0.0,22.25,99.3,59.9470833333333,30.2561992899144
2353999,11020.0,2002-01-22,0.0,28.5,7.5,4.82,,,,,0.0,0.0,0.0,0.0,28.94,100.0,68.8141666666667,29.0704656513859
2354000,11020.0,2002-01-23,0.0,27.5,7.5,4.91,,,,,0.0,0.0,0.0,0.0,28.54,97.8,62.2825,24.6786482700083
2354001,11020.0,2002-01-24,0.0,29.0,7.0,5.73,,,,,0.0,0.0,0.0,0.0,21.68,85.3,53.02875,21.5823592038579
2354002,11020.0,2002-01-25,0.0,27.0,6.5,3.12,,,,,0.0,0.0,0.0,0.0,22.12,100.0,71.9175,19.6609666819708
2354003,11020.0,2002-01-26,0.0,28.0,7.0,4.12,,,,,0.0,0.0,0.0,0.0,38.96,100.0,84.74875,21.0668718530757
2354004,11020.0,2002-01-27,0.0,28.5,7.0,5.1,,,,,0.0,0.0,0.0,0.0,23.33,100.0,69.0925,26.2222662188487
2354005,11020.0,2002-01-28,0.0,30.0,7.0,4.93,,,,,0.0,0.0,0.0,0.0,22.66,95.8,60.35,26.0751234104379
2354006,11020.0,2002-01-29,0.0,30.0,8.5,4.85,,,,,0.0,0.0,0.0,0.0,22.85,91.8,56.865,23.7995880490471
2354007,11020.0,2002-01-30,0.0,29.0,9.5,5.81,,,,,0.0,0.0,0.0,0.0,16.54,89.5,51.4029166666667,25.2641301796021
2354008,11020.0,2002-01-31,0.0,30.0,8.5,4.97,,,,,0.0,0.0,0.0,0.0,20.71,79.8,51.405,21.6884864266334
2354009,11020.0,2002-02-01,0.0,29.0,9.0,3.96,,,,,0.0,0.0,0.0,0.0,23.26,96.6,68.2870833333333,21.1651001659863
2354010,11020.0,2002-02-02,0.0,28.5,7.0,3.62,,,,,0.0,0.0,0.0,0.0,35.7,100.0,83.0220833333333,23.6740814025301
2354011,11020.0,2002-02-03,0.0,28.0,7.0,4.19,,,,,0.0,0.0,0.0,0.0,34.08,99.5,71.9545833333333,23.9022576665463
2354012,11020.0,2002-02-04,0.0,29.5,10.5,4.98,,,,,0.0,0.0,0.0,0.0,39.53,100.0,67.2283333333333,18.9376766553199
2354013,11020.0,2002-02-05,0.0,26.0,12.0,4.7,,,,,0.0,0.0,0.0,0.0,34.08,100.0,76.4083333333333,26.0272655809862
2354014,11020.0,2002-02-06,0.0,25.0,10.0,5.1,,,,,0.0,0.0,0.0,0.0,31.8,83.2,57.25,16.1424600786653
2354015,11020.0,2002-02-07,0.0,27.0,9.5,4.83,,,,,0.0,0.0,0.0,0.0,30.09,100.0,70.59125,24.4656105251752
2354016,11020.0,2002-02-08,0.0,26.0,6.5,5.79,,,,,0.0,0.0,0.0,0.0,29.14,96.5,78.3120833333333,22.4641368251064
2354017,11020.0,2002-02-09,0.0,27.0,7.0,4.9,,,,,0.0,0.0,0.0,0.0,26.15,91.5,60.75,22.7881008232462
2354018,11020.0,2002-02-10,7.2,24.0,10.5,2.87,,,,,0.0,0.0,0.0,0.0,27.27,92.3,65.0854166666667,16.0059526913574
2354019,11020.0,2002-02-11,11.8,16.0,6.0,2.29,,,,,0.0,0.0,0.0,0.0,63.73,97.1,83.9533333333333,11.5809227186133
2354020,11020.0,2002-02-12,0.6,17.0,6.0,1.19,,,,,0.0,0.0,0.0,0.0,72.0,100.0,88.8958333333333,10.5877894875127
2354021,11020.0,2002-02-13,0.0,23.0,8.5,3.61,,,,,0.0,0.0,0.0,0.0,61.0,98.4,84.7708333333333,12.4197118627456
2354022,11020.0,2002-02-14,0.0,26.0,8.0,4.1,,,,,0.0,0.0,0.0,0.0,41.75,100.0,86.1229166666667,17.8500389669936
2354023,11020.0,2002-02-15,0.0,26.0,8.5,4.03,,,,,0.0,3.0,0.25,0.866025403784439,32.64,100.0,77.8358333333333,26.428949857679
2354024,11020.0,2002-02-16,0.0,28.0,9.0,5.81,,,,,0.0,13.0,1.16666666666667,3.73760578040234,35.6,100.0,74.6070833333333,19.013205360478
2354025,11020.0,2002-02-17,0.0,28.0,8.5,3.7,,,,,0.0,1.0,0.0833333333333333,0.288675134594813,29.41,100.0,82.3516666666667,25.7928488010798
2354026,11020.0,2002-02-18,0.0,29.0,9.0,5.81,,,,,0.0,19.0,1.66666666666667,5.46614927337224,30.18,98.7,68.3525,24.2282602239257
2354027,11020.0,2002-02-19,0.0,28.0,10.0,6.04,,,,,0.0,23.0,2.66666666666667,6.90629927652789,28.24,79.3,52.3291666666667,14.4232197806377
2354028,11020.0,2002-02-20,0.0,29.0,9.0,5.93,,,,,0.0,12.0,1.08333333333333,3.4498572653829,33.35,92.3,68.7358333333333,17.3554381695759
2354029,11020.0,2002-02-21,0.0,28.0,9.5,5.34,,,,,0.0,16.0,1.33333333333333,4.61880215351701,24.63,100.0,79.7779166666667,27.6480563007627
2354030,11020.0,2002-02-22,0.0,24.0,10.0,6.32,,,,,0.0,15.0,1.25,4.33012701892219,30.77,100.0,67.7229166666667,22.3701665615782
2354031,11020.0,2002-02-23,0.0,28.0,3.0,5.1,,,,,0.0,29.0,3.16666666666667,8.53690739546751,13.04,100.0,57.6704166666667,31.2216748122152
2354032,11020.0,2002-02-24,0.0,28.0,4.5,4.23,,,,,0.0,78.0,8.5,22.9485590753834,9.45,84.2,42.0779166666667,24.9357262436269
2354033,11020.0,2002-02-25,0.0,31.0,5.0,4.51,,,,,0.0,51.0,6.16666666666667,15.5904010872269,11.03,66.27,33.9645833333333,17.5907258122412
2354034,11020.0,2002-02-26,0.0,31.0,8.5,6.0,,,,,0.0,94.0,11.9166666666667,29.4385595415059,19.9,75.0,46.2379166666667,16.5972433486818
2354035,11020.0,2002-02-27,0.0,27.0,8.0,6.7,,,,,0.0,45.0,5.41666666666667,13.7275988321691,21.04,100.0,74.9379166666667,28.4765854968248
2354036,11020.0,2002-02-28,0.0,28.0,8.5,6.23,,,,,0.0,154.0,13.5,44.3057558337514,23.43,63.07,38.26,12.5098653244063
2354037,11020.0,2002-03-01,0.0,27.0,8.5,7.56,,,,,0.0,260.0,25.4166666666667,74.998737363109,19.43,66.67,40.5445833333333,13.6984705522556
2354038,11020.0,2002-03-02,0.0,27.5,9.0,8.33,,,,,0.0,477.0,43.0,137.133644171065,17.24,73.1,38.435,17.9886062973689
2354039,11020.0,2002-03-03,0.0,29.0,8.5,6.1,,,,,0.0,782.0,67.1666666666667,225.219825275151,12.64,64.25,35.68125,18.5333099210701
2354040,11020.0,2002-03-04,0.0,30.0,9.0,5.08,,,,,0.0,337.0,32.6666666666667,97.1356439899038,16.17,87.1,57.11875,22.9215331288782
2354041,11020.0,2002-03-05,0.0,26.5,7.5,6.1,,,,,0.0,904.0,76.75,260.562023675397,17.82,82.3,53.31125,21.0763866040317
2354042,11020.0,2002-03-06,0.0,30.0,8.5,8.41,,,,,0.0,379.0,32.3333333333333,109.202342077226,13.61,75.0,45.9025,20.8226106724731
2354043,11020.0,2002-03-07,0.0,31.0,9.5,7.6,,,,,0.0,735.0,65.5,211.346978815751,14.79,88.2,48.46875,27.8323714111745
2354044,11020.0,2002-03-08,0.0,30.0,8.5,7.12,,,,,0.0,771.0,67.5,221.828557879523,16.4,67.8,37.96125,18.4280002719161
2354045,11020.0,2002-03-09,0.0,32.0,9.0,6.51,,,,,0.0,900.0,78.0833333333333,259.055086571926,14.22,74.7,38.8854166666667,19.6306463999459
2354046,11020.0,2002-03-10,0.0,30.0,10.0,6.55,,,,,0.0,737.0,63.4166666666667,212.23591433434,39.7,87.9,68.1954166666667,12.5488090476544
2354047,11020.0,2002-03-11,0.0,29.5,10.5,7.05,,,,,0.0,671.0,59.1666666666667,193.003454200523,22.38,99.9,72.2508333333333,28.7481969062813
2354048,11020.0,2002-03-12,0.0,31.0,10.0,6.15,,,,,0.0,688.0,59.75,198.023012895885,21.48,73.9,43.1879166666667,14.8412360258626
2354049,11020.0,2002-03-13,0.0,30.0,10.5,7.93,,,,,0.0,31.0,2.81818181818182,9.34685168191067,19.62,93.9,60.0766666666667,26.7294536561005
2354050,11020.0,2002-03-14,0.0,32.0,9.5,8.69,,,,,0.0,77.0,7.0,23.2163735324878,14.59,61.96,33.6675,15.1947162584207
2354051,11020.0,2002-03-15,0.0,33.0,10.0,7.91,,,,,0.0,47.0,4.27272727272727,14.1710331951549,11.06,39.13,22.8683333333333,7.76560290034181
2354052,11020.0,2002-03-16,0.0,36.0,10.0,8.72,,,,,0.0,171.0,15.5454545454545,51.5584399227976,14.08,66.06,35.07125,17.3281214798875
2354053,11020.0,2002-03-17,0.0,34.0,12.0,7.14,,,,,0.0,59.0,5.36363636363636,17.7891693300881,15.73,80.9,44.4625,23.5771512919495
2354054,11020.0,2002-03-18,0.0,33.0,13.5,8.1,,,,,0.0,63.0,5.72727272727273,18.9952147083991,17.1,99.6,54.6895833333333,28.5270417063265
2354055,11020.0,2002-03-19,0.0,31.0,14.0,7.51,,,,,0.0,141.0,12.8181818181818,42.5130995854647,19.62,67.49,43.2116666666667,15.2534217591437
2354056,11020.0,2002-03-20,0.0,33.5,10.0,8.11,,,,,0.0,119.0,10.8181818181818,35.8798500047539,25.76,65.57,46.1566666666667,12.8304795622417
2354057,11020.0,2002-03-21,0.0,29.0,11.5,6.7,,,,,0.0,103.0,9.36363636363636,31.0556684915097,32.61,83.1,61.78625,17.3466259875566
2354058,11020.0,2002-03-22,0.0,29.0,10.0,7.51,,,,,0.0,1294.0,114.75,372.13319340844,46.7,86.5,74.5883333333333,9.69743832900872
2354059,11020.0,2002-03-23,0.0,30.0,9.0,6.9,,,,,0.0,76.0,6.90909090909091,22.91486218791,31.05,100.0,77.2941666666667,26.5527221099697
2354060,11020.0,2002-03-24,0.0,32.0,10.0,7.77,,,,,0.0,160.0,14.5454545454545,48.2418151324422,12.9,86.2,50.5791666666667,27.4422112045859
2354061,11020.0,2002-03-25,0.0,33.0,10.0,9.05,,,,,0.0,187.0,17.0,56.3826214360418,12.9,56.87,27.82875,13.7961725355417
2354062,11020.0,2002-03-26,0.0,35.0,12.0,8.41,,,,,0.0,235.0,21.3636363636364,70.8551659757745,13.64,91.9,50.0829166666667,23.9962637452559
2354063,11020.0,2002-03-27,0.0,35.0,12.5,8.51,,,,,0.0,180.0,16.3636363636364,54.2720420239975,23.79,100.0,72.3079166666667,27.7203699986548
2354064,11020.0,2002-03-28,0.0,35.5,13.0,7.98,,,,,0.0,175.0,15.9090909090909,52.7644853011086,9.61,91.7,51.7770833333333,29.0056782265828
2354065,11020.0,2002-03-29,0.0,34.0,15.0,8.89,,,,,0.0,165.0,15.0,49.749371855331,16.43,59.66,33.7129166666667,13.5379930691584
2354066,11020.0,2002-03-30,0.0,32.5,13.0,8.19,,,,,0.0,212.0,19.2727272727273,63.9204050504859,18.08,74.2,40.5208333333333,18.6905495572929
2354067,11020.0,2002-03-31,0.0,33.5,12.5,8.24,,,,,0.0,283.0,25.7272727272727,85.3277105155071,20.26,95.0,48.4616666666667,19.7664392048892
2354068,11020.0,2002-04-01,0.0,33.0,12.0,7.19,,,,,0.0,311.0,28.2727272727273,93.7700281636845,25.0,94.5,63.2754166666667,24.1106546859279
2354069,11020.0,2002-04-02,0.0,34.0,11.5,8.73,,,,,0.0,152.0,13.8181818181818,45.8297243758201,14.11,72.8,42.1541666666667,19.7444371729194
2354070,11020.0,2002-04-03,0.0,33.5,12.0,7.91,,,,,0.0,336.0,30.5454545454545,101.307811778129,14.21,67.68,40.5508333333333,15.4207119095424
2354071,11020.0,2002-04-04,0.0,34.5,12.5,7.31,,,,,0.0,215.0,19.5454545454545,64.8249390842192,38.21,99.6,74.86625,18.1288820280501
2354072,11020.0,2002-04-05,0.9,34.0,14.5,7.12,,,,,0.0,13.0,1.18181818181818,3.91964747951093,34.54,99.6,76.8408333333333,22.4203810456443
2354073,11020.0,2002-04-06,0.0,30.5,14.5,4.19,,,,,0.0,191.0,17.3636363636364,57.5886668143529,19.22,97.3,64.8120833333333,24.965439237886
2354074,11020.0,2002-04-07,0.0,28.5,10.0,9.63,,,,,0.0,263.0,26.3,83.1679024624284,19.15,100.0,57.2829166666667,30.1956088773023
2354075,11020.0,2002-04-08,0.0,29.5,10.0,7.7,,,,,0.0,348.0,31.6363636363636,104.925947913062,16.7,74.3,41.5291666666667,19.3454638917863
2354076,11020.0,2002-04-09,0.0,31.0,11.0,6.9,,,,,0.0,240.0,21.8181818181818,72.3627226986633,20.74,68.5,47.2295833333333,13.7367205374204
2354077,11020.0,2002-04-10,0.0,30.0,11.0,6.11,,,,,0.0,0.0,0.0,0.0,22.68,96.9,70.7295833333333,25.7684389834722
2354078,11020.0,2002-04-11,0.0,28.0,11.5,6.02,,,,,0.0,359.0,32.6363636363636,108.242572703417,20.8,98.4,67.2929166666667,27.6518456777131
2354079,11020.0,2002-04-12,0.0,28.0,13.0,7.1,,,,,0.0,303.0,27.5454545454545,91.3579374070624,20.5,90.1,54.9429166666667,24.3824889907503
2354080,11020.0,2002-04-13,0.0,31.0,13.5,7.43,,,,,0.0,347.0,31.5454545454545,104.624436568484,14.99,68.31,36.6058333333333,19.7649718522147
2354081,11020.0,2002-04-14,0.0,32.5,13.5,6.38,,,,,0.0,236.0,21.4545454545455,71.1566773203522,13.88,78.3,38.5008333333333,21.5516392832912
2354082,11020.0,2002-04-15,0.0,30.0,13.5,7.2,,,,,0.0,348.0,31.6363636363636,104.925947913062,30.28,86.1,53.81375,20.5167810028131
2354083,11020.0,2002-04-16,0.0,31.0,13.5,7.34,,,,,0.0,36.0,3.27272727272727,10.8544084047995,26.65,100.0,68.7691666666667,27.5820026256358
2354084,11020.0,2002-04-17,0.0,34.5,13.0,8.52,,,,,0.0,323.0,29.3636363636364,97.3881642986177,18.68,92.6,57.7145833333333,25.7210439944934
2354085,11020.0,2002-04-18,0.0,34.5,12.5,9.36,,,,,0.0,281.0,25.5454545454545,84.7246878263516,17.78,100.0,62.9925,30.5689161887778
2354086,11020.0,2002-04-19,0.0,30.5,13.5,9.12,,,,,0.0,408.0,37.0909090909091,123.016628587728,13.24,100.0,61.01375,31.7480766706049
2354087,11020.0,2002-04-20,0.0,35.0,14.0,9.4,,,,,0.0,843.0,76.6363636363636,254.174063479055,18.48,100.0,64.0079166666667,29.1851215786053
2354088,11020.0,2002-04-21,0.0,37.0,14.0,8.36,,,,,0.0,602.0,54.7272727272727,181.509829435814,13.54,98.5,55.9758333333333,27.2921490409854
2354089,11020.0,2002-04-22,0.0,36.0,14.0,8.14,,,,,0.0,445.0,40.4545454545455,134.172548337105,31.06,96.1,64.7045833333333,23.038368559987
2354090,11020.0,2002-04-23,0.0,37.0,15.0,9.81,,,,,0.0,338.0,30.7272727272727,101.910834467284,13.37,100.0,66.8633333333333,32.2702650407012
2354091,11020.0,2002-04-24,0.0,37.0,14.0,12.49,,,,,0.0,527.0,47.9090909090909,158.896478592481,11.69,99.5,52.7858333333333,32.449523064314
2354092,11020.0,2002-04-25,0.0,37.0,13.5,10.15,,,,,0.0,940.0,85.4545454545455,283.420663903098,11.26,99.7,51.0316666666667,33.0873067303259
2354093,11020.0,2002-04-26,0.0,34.0,12.0,9.12,,,,,0.0,946.0,86.2727272727273,285.14069892216,19.79,99.8,62.5829166666667,27.8469841438134
2354094,11020.0,2002-04-27,0.0,36.5,13.5,9.33,,,,,0.0,587.0,53.7272727272727,176.870625548219,17.43,93.2,56.6345833333333,27.3673891908452
2354095,11020.0,2002-04-28,0.0,38.5,16.0,11.49,,,,,0.0,16.0,1.6,5.05964425626941,8.87,87.0,46.7491666666667,28.0937484793893
2354096,11020.0,2002-04-29,0.0,36.0,16.5,10.41,,,,,0.0,1079.0,99.0909090909091,325.015831782224,14.68,95.4,55.90125,28.1422960826644
2354097,11020.0,2002-04-30,0.0,36.5,15.0,7.24,,,,,0.0,1030.0,96.1818181818182,309.826344322693,15.75,96.8,59.19625,29.3685190537937
2354098,11020.0,2002-05-01,0.0,37.0,16.0,8.95,,,,,0.0,627.0,58.9090909090909,188.519736126197,16.63,79.9,47.3620833333333,21.7259866397596
2354099,11020.0,2002-05-02,0.0,36.0,15.0,8.12,,,,,0.0,24.0,2.4,7.58946638440411,13.97,63.46,34.19,14.8249768677875
2354100,11020.0,2002-05-03,0.0,38.0,16.0,8.96,,,,,0.0,900.0,83.2727272727273,270.920317034028,13.71,91.9,43.245,27.2959070032566
2354101,11020.0,2002-05-04,0.0,37.0,17.0,12.49,,,,,0.0,747.0,69.2727272727273,224.82174757309,17.0,99.4,56.6954166666667,27.2378847386546
2354102,11020.0,2002-05-05,0.0,36.0,16.5,9.89,,,,,0.0,1162.0,111.818181818182,348.902799696941,30.48,99.4,66.4333333333333,22.5551742191891
2354103,11020.0,2002-05-06,0.0,35.0,16.0,9.12,,,,,0.0,1158.0,121.181818181818,347.85825221829,15.89,98.8,60.5941666666667,28.8468216795974
2354104,11020.0,2002-05-07,0.0,37.0,15.0,7.94,,,,,0.0,935.0,96.5454545454545,280.681799779168,11.39,99.9,57.9679166666667,30.5739612115713
2354105,11020.0,2002-05-08,0.0,33.0,15.0,7.16,,,,,0.0,1243.0,122.090909090909,372.971970674863,22.17,93.7,60.80375,24.8208148646147
2354106,11020.0,2002-05-09,0.0,34.0,15.0,8.72,,,,,0.0,124.0,20.2727272727273,45.4490723977749,23.49,98.8,66.1954166666667,27.6821826198992
2354107,11020.0,2002-05-10,0.0,36.5,15.0,9.61,,,,,0.0,119.0,11.9,37.6311041560037,29.3,100.0,66.3983333333333,26.2348405364129
2354108,11020.0,2002-05-11,0.0,35.0,16.0,8.3,,,,,0.0,75.0,7.5,23.7170824512628,20.16,100.0,66.3654166666667,26.9307270731484
2354109,11020.0,2002-05-12,0.0,36.0,16.0,9.23,,,,,0.0,195.0,19.5,61.6644143732834,15.69,100.0,64.29875,29.8251999246187
2354110,11020.0,2002-05-13,0.0,32.5,16.0,8.41,,,,,0.0,1319.0,132.090909090909,395.700506581797,30.72,96.8,63.7704166666667,24.3962287675721
2354111,11020.0,2002-05-14,2.0,30.0,15.0,6.19,,,,,0.0,93.0,9.3,29.4091822395659,49.95,94.1,69.3329166666667,14.0308859552206
2354112,11020.0,2002-05-15,16.9,31.5,15.0,8.91,,,,,0.0,1031.0,96.9090909090909,309.98079119373,33.2,95.7,76.27875,19.1642802499859
2354113,11020.0,2002-05-16,0.0,30.5,15.0,4.83,,,,,0.0,1233.0,112.090909090909,371.763487864383,34.01,98.7,74.7241666666667,20.7889675835142
2354114,11020.0,2002-05-17,0.0,34.5,15.5,6.52,,,,,0.0,724.0,84.0,220.581050863396,21.44,94.0,60.0070833333333,24.3629114914572
2354115,11020.0,2002-05-18,0.0,30.5,14.5,8.17,,,,,0.0,68.0,6.8,21.503488089145,32.44,100.0,72.0279166666667,23.4236715978343
2354116,11020.0,2002-05-19,0.0,30.0,14.5,7.53,,,,,0.0,516.0,52.0,154.805684650145,46.15,88.0,72.5333333333333,13.4203138260029
2354117,11020.0,2002-05-20,6.5,30.0,14.5,6.11,,,,,0.0,730.0,76.4545454545455,219.299504621585,37.48,97.4,72.8183333333333,23.7113360646551
2354118,11020.0,2002-05-21,0.0,31.0,11.0,8.31,,,,,0.0,202.0,20.2,63.8780087354013,23.22,100.0,72.0225,29.6310212372982
2354119,11020.0,2002-05-22,0.0,33.0,11.5,8.38,,,,,0.0,289.0,28.9,91.3898243788662,15.76,100.0,64.6308333333333,34.2568246347786
2354120,11020.0,2002-05-23,0.0,34.0,13.0,6.34,,,,,0.0,381.0,38.1,120.482778852415,17.54,100.0,60.9445833333333,30.9305824428449
2354121,11020.0,2002-05-24,0.0,32.0,14.5,8.73,,,,,0.0,202.0,20.2,63.8780087354013,26.82,85.3,58.055,20.0726341938038
2354122,11020.0,2002-05-25,0.0,34.0,14.0,5.17,,,,,0.0,327.0,32.7,103.406479487506,24.4,92.2,54.3654166666667,24.6488189996947
2354123,11020.0,2002-05-26,0.5,32.5,16.5,5.36,,,,,0.0,279.0,27.9,88.2275467186978,28.43,92.0,61.7695833333333,24.368751458475
2354124,11020.0,2002-05-27,0.0,32.5,16.5,6.49,,,,,0.0,573.0,57.3,181.198509927648,20.43,98.4,61.9758333333333,28.0358652159301
2354125,11020.0,2002-05-28,0.0,32.0,15.0,8.31,,,,,0.0,525.0,52.5,166.01957715884,24.4,91.3,59.6583333333333,21.8184392831757
2354126,11020.0,2002-05-29,0.0,32.0,16.0,6.72,,,,,0.0,507.0,50.7,160.327477370537,20.73,100.0,64.8608333333333,30.1937283894846
2354127,11020.0,2002-05-30,0.0,32.0,16.5,5.96,,,,,0.0,972.0,97.2,307.373388568366,24.33,95.3,58.5470833333333,26.7985798584092
2354128,11020.0,2002-05-31,1.0,32.0,14.0,6.83,,,,,0.0,375.0,37.5,118.585412256314,24.09,98.8,60.2579166666667,25.4482176670103
2354129,11020.0,2002-06-01,0.0,32.0,13.5,7.49,,,,,0.0,490.0,63.8181818181818,154.997947200483,39.42,100.0,80.79375,17.5960630014834
2354130,11020.0,2002-06-02,0.0,33.0,14.0,6.71,,,,,0.0,309.0,30.9,97.7143796992029,29.0,100.0,75.6408333333333,23.4411509059837
2354131,11020.0,2002-06-03,0.0,35.0,14.5,6.92,,,,,0.0,494.0,49.4,156.216516412318,30.38,100.0,64.60875,23.6056603957058
2354132,11020.0,2002-06-04,47.0,35.0,15.0,8.12,,,,,0.0,792.0,79.2,250.452390685336,32.02,100.0,70.2783333333333,24.5898792660485
2354133,11020.0,2002-06-05,25.7,30.0,16.5,5.88,,,,,0.0,517.0,51.7,163.489755030705,39.08,98.6,76.42,17.2661929038021
2354134,11020.0,2002-06-06,0.0,29.5,17.0,6.37,,,,,0.0,195.0,19.5,61.6644143732834,60.93,100.0,82.7158333333333,11.6229147420709
2354135,11020.0,2002-06-07,0.0,30.5,15.5,8.11,,,,,0.0,540.0,54.0,170.762993649092,34.46,99.9,70.2145833333333,22.6728120998365
2354136,11020.0,2002-06-08,0.0,29.0,16.0,6.5,,,,,0.0,640.0,64.0,202.385770250776,44.81,100.0,71.5025,20.5570561777617
2354137,11020.0,2002-06-09,8.2,27.5,15.5,2.96,,,,,0.0,192.0,19.2,60.7157310752329,62.3,99.9,85.5958333333333,9.83845512645976
2354138,11020.0,2002-06-10,0.6,31.0,16.0,6.72,,,,,0.0,614.0,68.5454545454545,185.718261695701,56.35,100.0,85.9720833333333,16.2890969080459
2354139,11020.0,2002-06-11,0.0,29.0,16.0,5.66,,,,,0.0,379.0,34.4545454545455,114.272799594972,65.11,100.0,87.8854166666667,11.7350515380824
2354140,11020.0,2002-06-12,1.5,29.0,17.5,4.39,,,,,0.0,150.0,15.0,47.4341649025257,50.81,100.0,82.2554166666667,18.8549017912577
2354141,11020.0,2002-06-13,0.0,26.0,17.0,5.52,,,,,0.0,649.0,64.9,205.231820144928,45.26,100.0,77.7520833333333,19.3644131197156
2354142,11020.0,2002-06-14,9.6,30.0,16.0,4.99,,,,,0.0,494.0,49.4,156.216516412318,33.31,100.0,73.99625,27.5197053214285
2354143,11020.0,2002-06-15,0.0,30.0,16.0,6.02,,,,,0.0,1227.0,122.7,388.01146890266,39.89,100.0,70.9645833333333,21.217017980686
2354144,11020.0,2002-06-16,0.0,32.0,15.5,5.31,,,,,0.0,585.0,58.5,184.99324311985,20.46,98.0,60.5504166666667,26.4405642706292
2354145,11020.0,2002-06-17,0.0,32.5,16.0,7.2,,,,,0.0,472.0,47.2,149.259505559948,18.11,88.6,48.39625,25.4332650731794
2354146,11020.0,2002-06-18,0.0,34.0,16.0,6.1,,,,,0.0,811.0,81.1,256.460718239656,10.58,94.2,47.0279166666667,28.4067782754883
2354147,11020.0,2002-06-19,0.0,32.0,15.0,10.31,,,,,0.0,670.0,67.0,211.872603231281,21.2,100.0,56.4625,28.7891978911777
2354148,11020.0,2002-06-20,0.0,33.0,15.5,10.16,,,,,0.0,366.0,36.6,115.739362362163,41.45,100.0,67.6758333333333,20.4628316109045
2354149,11020.0,2002-06-21,0.0,27.0,16.0,7.29,,,,,0.0,192.0,19.2,60.7157310752329,63.87,100.0,87.9129166666667,11.4790480135376
2354150,11020.0,2002-06-22,0.0,30.0,17.0,6.02,,,,,0.0,124.0,12.4,39.2122429860879,71.6,100.0,87.7375,10.7395981019452
2354151,11020.0,2002-06-23,0.0,31.0,13.0,6.51,,,,,0.0,1006.0,100.6,318.125132612939,40.07,100.0,75.5508333333333,23.1510887933773
2354152,11020.0,2002-06-24,0.0,33.0,13.5,7.42,,,,,0.0,342.0,34.2,108.149895977759,31.85,100.0,67.8541666666667,26.5841263386331
2354153,11020.0,2002-06-25,0.0,33.0,14.0,7.0,,,,,0.0,299.0,29.9,94.5521020390345,24.9,100.0,61.195,29.9297031464527
2354154,11020.0,2002-06-26,8.0,32.0,15.0,6.4,,,,,0.0,409.0,40.9,129.337156300887,23.62,100.0,59.735,28.0484588431925
2354155,11020.0,2002-06-27,0.0,31.0,14.0,5.19,,,,,0.0,87.0,8.7,27.5118156434649,40.97,99.8,71.5129166666667,19.3335269683582
2354156,11020.0,2002-06-28,4.0,27.0,14.0,4.12,,,,,0.0,134.0,13.4,42.3745206462563,29.67,100.0,70.4366666666667,26.1858160521844
2354157,11020.0,2002-06-29,0.0,31.0,12.0,6.52,,,,,0.0,1178.0,115.545454545455,353.479098006194,57.58,100.0,83.9804166666667,13.8787781316489
2354158,11020.0,2002-06-30,11.2,30.0,12.0,5.1,,,,,0.0,41.0,4.1,12.9653384066904,57.43,100.0,87.7845833333333,13.8671118522636
2354159,11020.0,2002-07-01,0.0,27.0,13.5,4.22,,,,,0.0,352.0,36.0909090909091,105.641331443195,50.71,100.0,85.5483333333333,19.3556527338559
2354160,11020.0,2002-07-02,34.0,30.0,14.0,4.26,,,,,0.0,218.0,28.1818181818182,68.7398256934336,55.66,100.0,84.2495833333333,16.953778975732
2354161,11020.0,2002-07-03,0.0,27.0,14.5,4.61,,,,,0.0,1066.0,297.470588235294,413.540977057755,48.59,100.0,85.3621739130435,18.2558949275225
2354162,11020.0,2002-07-04,0.0,30.5,14.0,5.36,,,,,0.0,1012.0,293.666666666667,368.087733713234,49.45,100.0,80.8441666666667,17.6476252662003
2354163,11020.0,2002-07-05,0.0,28.5,14.5,5.93,,,,,0.0,1049.0,205.375,318.525517713703,52.81,100.0,85.3720833333333,15.849155506008
2354164,11020.0,2002-07-06,12.0,28.5,14.5,4.19,,,,,0.0,1036.0,297.958333333333,376.872193670903,66.99,100.0,88.5870833333333,11.292741215784
2354165,11020.0,2002-07-07,6.7,25.0,15.0,4.66,,,,,0.0,689.0,224.25,269.921445899583,58.89,100.0,85.0441666666667,13.1707802141436
2354166,11020.0,2002-07-08,0.0,29.5,14.0,7.93,,,,,0.0,984.0,294.541666666667,347.096776276371,48.49,100.0,78.68,19.077495278127
2354167,11020.0,2002-07-09,0.0,29.0,14.0,4.91,,,,,0.0,1016.0,308.041666666667,373.447916066609,49.85,97.0,78.76625,15.3530121141834
2354168,11020.0,2002-07-10,64.6,28.5,15.0,5.37,,,,,0.0,949.0,182.583333333333,259.928237030526,53.08,98.3,82.6583333333333,12.4708329859043
2354169,11020.0,2002-07-11,1.7,28.0,14.5,5.68,,,,,0.0,819.0,147.833333333333,215.196910165847,63.06,99.8,87.1070833333333,9.22645651476452
2354170,11020.0,2002-07-12,3.0,28.0,14.5,7.02,,,,,0.0,651.0,185.125,235.399625521478,72.9,100.0,89.7458333333333,10.0179395246149
2354171,11020.0,2002-07-13,61.2,27.0,16.0,4.28,,,,,0.0,991.0,284.75,381.377508969559,57.45,100.0,86.12875,15.3989554452355
2354172,11020.0,2002-07-14,7.3,28.0,15.5,5.32,,,,,0.0,561.0,166.625,207.634673425937,70.6,100.0,89.8416666666667,9.72455058385584
2354173,11020.0,2002-07-15,17.3,21.5,16.0,3.12,,,,,0.0,339.0,69.375,91.6599635230316,82.2,100.0,94.6583333333333,5.91724940996323
2354174,11020.0,2002-07-16,0.0,26.0,16.5,3.0,,,,,0.0,975.0,155.5,254.477640599754,57.41,100.0,87.4241666666667,12.4080243729846
2354175,11020.0,2002-07-17,10.3,23.0,16.0,1.95,,,,,0.0,1070.0,288.5,398.468044651884,62.9,99.8,87.1595833333333,14.0347672272535
2354176,11020.0,2002-07-18,17.6,27.0,13.0,3.35,,,,,0.0,991.0,293.416666666667,354.974208085316,59.98,100.0,84.9320833333333,15.5063252112798
2354177,11020.0,2002-07-19,6.6,27.0,13.5,4.56,,,,,0.0,852.0,172.833333333333,262.359472391647,73.0,100.0,89.0041666666667,9.82571954071322
2354178,11020.0,2002-07-20,0.8,25.5,13.0,4.34,,,,,0.0,840.0,231.541666666667,291.561162077332,61.84,100.0,85.17125,13.8989800415589
2354179,11020.0,2002-07-21,0.0,29.0,13.5,6.43,,,,,0.0,1023.0,310.0,383.609516135308,45.48,100.0,82.8641666666667,17.8672456982205
2354180,11020.0,2002-07-22,0.0,28.5,15.5,4.51,,,,,0.0,852.0,221.916666666667,280.729316736536,66.24,100.0,86.8225,11.7947509511647
2354181,11020.0,2002-07-23,0.0,27.0,15.0,5.22,,,,,0.0,1034.0,297.0,363.524653789868,58.49,100.0,81.57875,14.3398051386009
2354182,11020.0,2002-07-24,0.0,31.0,15.5,7.44,,,,,0.0,1048.0,332.208333333333,402.912654162236,39.47,100.0,74.74875,21.8765914824797
2354183,11020.0,2002-07-25,10.6,29.0,15.0,5.43,,,,,0.0,1093.0,334.041666666667,402.058883765168,47.26,100.0,79.0333333333333,20.5682428635203
2354184,11020.0,2002-07-26,0.8,30.0,14.0,5.67,,,,,0.0,1061.0,355.791666666667,425.794293993122,30.88,100.0,70.1308333333333,25.8477900689648
2354185,11020.0,2002-07-27,16.2,29.5,13.5,9.24,,,,,0.0,1010.0,347.291666666667,407.534845580496,28.8,100.0,68.3133333333333,25.9967980748578
2354186,11020.0,2002-07-28,0.0,30.0,13.5,4.71,,,,,0.0,974.0,277.666666666667,346.031245971236,33.91,100.0,75.26,21.9514739526906
2354187,11020.0,2002-07-29,0.0,22.0,14.5,5.06,,,,,0.0,477.0,64.125,136.782004176963,57.82,99.7,80.6529166666667,13.4988255460684
2354188,11020.0,2002-07-30,0.0,28.0,15.0,5.92,,,,,0.0,0.0,0.0,0.0,56.37,100.0,80.1395833333333,13.9358772142942
2354189,11020.0,2002-07-31,19.4,28.0,14.5,5.58,,,,,0.0,0.0,0.0,0.0,63.21,100.0,83.5945833333333,14.8392818820643
2354190,11020.0,2002-08-01,2.3,28.0,14.0,4.49,,,,,0.0,0.0,0.0,0.0,56.54,100.0,81.7645833333333,14.9308504604063
2354191,11020.0,2002-08-02,0.0,27.0,14.5,5.83,,,,,0.0,0.0,0.0,0.0,26.02,100.0,75.8370833333333,24.3767174162715
2354192,11020.0,2002-08-03,0.0,25.0,15.0,2.52,,,,,0.0,0.0,0.0,0.0,48.17,96.4,77.6033333333333,17.1261756604802
2354193,11020.0,2002-08-04,0.7,27.5,14.0,5.06,,,,,0.0,267.0,24.2727272727273,80.5035290022629,49.11,100.0,85.255,20.2662934986621
2354194,11020.0,2002-08-05,0.0,26.5,14.5,3.73,,,,,0.0,0.0,0.0,0.0,58.62,100.0,84.1183333333333,15.4254996865486
2354195,11020.0,2002-08-06,26.9,28.0,14.5,5.61,,,,,0.0,838.0,76.1818181818182,252.666506756166,52.07,100.0,83.1116666666667,17.6841060219933
2354196,11020.0,2002-08-07,0.0,29.5,14.0,6.43,,,,,0.0,1029.0,365.684210526316,426.272350685644,41.51,100.0,77.7779166666667,22.4095127275986
2354197,11020.0,2002-08-08,0.0,30.0,13.5,6.37,,,,,0.0,1044.0,342.125,411.239305398144,29.38,100.0,66.9229166666667,26.9201195938888
2354198,11020.0,2002-08-09,20.6,29.0,13.5,8.51,,,,,0.0,929.0,306.166666666667,357.203956678347,37.31,100.0,67.9729166666667,21.8688789158528
2354199,11020.0,2002-08-10,2.7,29.0,13.0,5.7,,,,,0.0,1039.0,335.916666666667,408.115170942742,29.78,100.0,72.305,25.2562515722001
2354200,11020.0,2002-08-11,5.6,29.0,13.5,6.59,,,,,0.0,1034.0,329.75,404.644046475203,40.2,100.0,73.1208333333333,23.2665471582413
2354201,11020.0,2002-08-12,1.7,29.0,14.0,5.02,,,,,0.0,975.0,318.125,383.27482619043,39.43,100.0,74.2525,22.7590645582198
2354202,11020.0,2002-08-13,37.4,30.0,15.0,6.63,,,,,0.0,1012.0,295.333333333333,369.865153649351,40.66,100.0,75.4725,21.4796889399386
2354203,11020.0,2002-08-14,24.0,27.0,16.0,5.73,,,,,0.0,1006.0,279.75,379.173041832056,42.98,100.0,79.3679166666667,19.9302112773039
2354204,11020.0,2002-08-15,23.7,27.0,16.0,5.38,,,,,0.0,951.0,231.083333333333,331.60019361544,59.16,100.0,87.5908333333333,14.6620779465308
2354205,11020.0,2002-08-16,36.2,27.0,16.0,8.26,,,,,0.0,916.0,236.708333333333,333.368379498229,60.4,100.0,87.7591666666667,12.6813323661085
2354206,11020.0,2002-08-17,0.0,29.0,15.0,5.72,,,,,0.0,892.0,259.708333333333,324.137984461887,59.97,100.0,85.355,15.2728337964476
2354207,11020.0,2002-08-18,0.0,29.0,15.0,3.18,,,,,0.0,839.0,240.666666666667,308.991299535126,56.37,100.0,82.8575,16.5946977519406
2354208,11020.0,2002-08-19,0.0,30.0,15.0,5.1,,,,,0.0,883.0,261.625,322.27018269175,49.45,100.0,81.6808333333333,18.7176461537297
2354209,11020.0,2002-08-20,0.0,29.0,15.5,6.0,,,,,0.0,970.0,296.333333333333,361.217466314981,34.66,100.0,78.525,21.6347066177192
2354210,11020.0,2002-08-21,4.1,28.5,15.0,4.3,,,,,0.0,962.0,284.583333333333,345.015175049581,49.55,100.0,76.2070833333333,18.2805419192736
2354211,11020.0,2002-08-22,0.0,29.0,15.0,7.46,,,,,0.0,966.0,299.583333333333,365.606930372267,48.27,100.0,74.9208333333333,19.2955342697118
2354212,11020.0,2002-08-23,0.0,30.0,15.0,7.04,,,,,0.0,958.0,269.125,341.619329523884,55.0,99.0,76.9758333333333,15.8086869120765
2354213,11020.0,2002-08-24,0.0,29.0,16.0,4.8,,,,,0.0,812.0,254.041666666667,312.336841464839,44.64,100.0,79.2966666666667,18.9655840856575
2354214,11020.0,2002-08-25,0.0,29.0,16.0,6.29,,,,,0.0,624.0,187.25,230.402530556755,38.53,100.0,78.6425,21.6261713932549
2354215,11020.0,2002-08-26,0.0,31.0,15.0,8.63,,,,,0.0,951.0,304.291666666667,373.748750664385,32.77,100.0,71.7966666666667,25.9962073599487
2354216,11020.0,2002-08-27,0.0,31.0,13.0,7.16,,,,,0.0,979.0,311.791666666667,383.636261056097,26.25,100.0,67.9066666666667,28.5978706514506
2354217,11020.0,2002-08-28,0.0,30.0,13.5,8.22,,,,,0.0,993.0,302.791666666667,376.411659382172,36.24,100.0,70.7433333333333,25.5842371081453
2354218,11020.0,2002-08-29,0.0,31.0,15.0,8.12,,,,,0.0,922.0,273.458333333333,343.48811499807,39.43,100.0,72.6620833333333,20.1017481349188
2354219,11020.0,2002-08-30,0.0,30.0,15.0,7.8,,,,,0.0,879.0,254.583333333333,323.201500839534,49.95,96.3,76.4633333333333,16.5184251977751
2354220,11020.0,2002-08-31,0.0,26.0,13.0,6.06,,,,,0.0,610.0,188.875,232.618798541267,56.24,92.0,77.1729166666667,13.108010321992
2354221,11020.0,2002-09-01,0.0,27.5,14.5,4.06,,,,,0.0,836.0,209.75,269.79609853111,54.69,90.7,75.6745833333333,12.1320731871696
2354222,11020.0,2002-09-02,0.0,27.0,14.5,4.3,,,,,0.0,810.0,193.958333333333,265.765257513937,44.03,100.0,81.5683333333333,17.5084254665815
2354223,11020.0,2002-09-03,1.7,29.0,13.5,6.2,,,,,0.0,778.0,230.0,281.223104994253,48.88,100.0,80.5520833333333,19.7792985718087
2354224,11020.0,2002-09-04,0.0,29.5,14.0,4.12,,,,,0.0,850.0,192.875,273.504520668465,45.92,100.0,78.545,18.0954349275554
2354225,11020.0,2002-09-05,42.2,28.0,16.0,3.39,,,,,0.0,885.0,218.875,310.251414529235,68.17,100.0,90.5154166666667,12.1592569778594
2354226,11020.0,2002-09-06,0.0,27.0,16.0,4.19,,,,,0.0,881.0,161.583333333333,290.947764124895,61.08,100.0,91.1095833333333,12.728290120203
2354227,11020.0,2002-09-07,7.5,28.0,16.0,5.17,,,,,0.0,840.0,228.958333333333,302.701959771118,52.0,100.0,86.7045833333333,17.7174853400634
2354228,11020.0,2002-09-08,14.2,29.0,16.0,5.81,,,,,0.0,885.0,227.666666666667,300.139339621459,52.27,100.0,82.5154166666667,14.7474752383517
2354229,11020.0,2002-09-09,0.0,28.0,16.0,3.87,,,,,0.0,981.0,273.916666666667,363.339811802367,46.44,100.0,81.145,21.4842597589795
2354230,11020.0,2002-09-10,12.1,28.5,17.0,4.68,,,,,0.0,1036.0,226.166666666667,315.390671013457,58.25,100.0,84.4908333333333,13.9971279403923
2354231,11020.0,2002-09-11,4.2,25.0,16.0,2.37,,,,,0.0,974.0,180.708333333333,291.35433069459,62.29,100.0,88.8479166666667,12.2108575987562
2354232,11020.0,2002-09-12,3.8,28.0,16.0,2.05,,,,,0.0,706.0,155.0,211.374795914333,77.3,100.0,93.9125,5.74829369767957
2354233,11020.0,2002-09-13,4.2,27.5,16.5,3.18,,,,,0.0,751.0,165.458333333333,225.931112849964,77.4,100.0,93.1708333333333,7.94363180364524
2354234,11020.0,2002-09-14,8.5,25.0,17.0,2.56,,,,,0.0,748.0,213.666666666667,283.368199048313,68.87,100.0,89.1816666666667,11.8961830439218
2354235,11020.0,2002-09-15,2.5,28.0,17.0,4.02,,,,,0.0,764.0,202.25,283.096734120274,70.5,100.0,89.6625,10.1861718926242
2354236,11020.0,2002-09-16,0.0,27.0,16.5,4.31,,,,,0.0,896.0,196.666666666667,290.917987347498,69.71,100.0,93.2504166666667,9.04296290381146
2354237,11020.0,2002-09-17,23.0,27.5,16.0,4.55,,,,,0.0,1055.0,251.375,356.439983666987,59.26,100.0,87.63375,14.7024570003733
2354238,11020.0,2002-09-18,0.0,27.0,16.0,4.82,,,,,0.0,980.0,286.625,382.422349321885,47.13,100.0,84.4416666666667,19.8715430500101
2354239,11020.0,2002-09-19,9.1,28.0,16.0,4.52,,,,,0.0,957.0,189.0,295.658733942567,64.27,99.4,86.4304166666667,12.100740717237
2354240,11020.0,2002-09-20,0.0,24.5,15.5,3.82,,,,,0.0,734.0,158.958333333333,252.821724294734,75.0,100.0,94.7958333333333,8.3668849933983
2354241,11020.0,2002-09-21,0.0,27.0,13.5,3.36,,,,,0.0,991.0,294.375,381.984612995363,48.74,100.0,84.9704166666667,18.9923381529103
2354242,11020.0,2002-09-22,0.0,30.0,11.5,7.34,,,,,0.0,1011.0,311.625,393.001694044363,37.83,97.8,67.33125,22.4496852524658
2354243,11020.0,2002-09-23,0.0,30.0,9.0,6.13,,,,,0.0,968.0,292.375,378.707276252987,47.24,100.0,74.8575,20.3244265655243
2354244,11020.0,2002-09-24,0.0,26.0,9.5,2.84,,,,,0.0,738.0,159.625,225.855246543675,69.45,100.0,87.7770833333333,10.7745067391048
2354245,11020.0,2002-09-25,0.0,29.0,10.0,4.53,,,,,0.0,941.0,242.083333333333,328.809171122846,45.82,100.0,80.9020833333333,19.7405314626414
2354246,11020.0,2002-09-26,4.3,25.0,10.5,1.68,,,,,0.0,670.0,126.0,188.045554147878,65.29,98.4,85.7958333333333,10.0831891593478
2354247,11020.0,2002-09-27,2.7,21.0,16.0,1.97,,,,,0.0,312.0,76.25,112.087407662599,89.6,100.0,98.0875,3.40361859867074
2354248,11020.0,2002-09-28,24.5,28.5,16.0,6.92,,,,,0.0,921.0,229.583333333333,322.462120008815,64.35,100.0,88.4308333333333,12.7650790343665
2354249,11020.0,2002-09-29,0.0,29.0,16.0,5.48,,,,,0.0,937.0,262.0,353.72870960667,53.31,100.0,85.9191666666667,17.8437042646435
2354250,11020.0,2002-09-30,0.0,30.0,14.5,4.35,,,,,0.0,962.0,269.375,372.092065804664,33.51,100.0,80.4291666666667,25.3686209658733
2354251,11020.0,2002-10-01,0.0,29.0,13.5,5.68,,,,,0.0,935.0,268.791666666667,352.274347036099,41.34,100.0,79.69,20.7395096583686
2354252,11020.0,2002-10-02,0.0,30.0,14.0,4.73,,,,,0.0,945.0,249.583333333333,345.145705421659,39.73,100.0,82.31,22.4391308054556
2354253,11020.0,2002-10-03,0.0,30.0,15.0,3.12,,,,,0.0,819.0,231.416666666667,304.786870176332,49.48,100.0,80.60875,19.5152422731121
2354254,11020.0,2002-10-04,0.0,30.5,14.0,4.64,,,,,0.0,930.0,269.25,351.710138806277,36.76,100.0,75.25875,25.0096700102528
2354255,11020.0,2002-10-05,0.0,29.0,13.5,1.96,,,,,0.0,602.0,129.291666666667,190.086817502966,56.99,100.0,82.7416666666667,15.1208424157624
2354256,11020.0,2002-10-06,0.0,30.0,14.0,3.83,,,,,0.0,947.0,264.75,351.926777216141,42.02,100.0,81.61875,20.1789542350871
2354257,11020.0,2002-10-07,0.0,30.0,12.5,5.13,,,,,0.0,844.0,259.041666666667,332.379102462269,54.32,100.0,82.4345833333333,19.0489732643924
2354258,11020.0,2002-10-08,0.0,30.0,11.5,4.41,,,,,0.0,909.0,241.833333333333,320.756533250982,34.49,100.0,80.0879166666667,24.1991142452285
2354259,11020.0,2002-10-09,0.0,29.5,12.5,3.84,,,,,0.0,940.0,218.833333333333,323.89902702871,42.55,100.0,81.43375,21.7779638950257
2354260,11020.0,2002-10-10,0.0,27.0,15.0,5.61,,,,,0.0,708.0,197.625,265.273576995851,58.81,100.0,87.95375,14.6744569005496
2354261,11020.0,2002-10-11,0.0,28.0,14.0,5.59,,,,,0.0,421.0,115.541666666667,147.32719550793,78.1,100.0,91.4333333333333,7.4080841075765
2354262,11020.0,2002-10-12,0.0,27.0,13.0,5.32,,,,,0.0,879.0,248.75,333.33456883829,46.05,100.0,85.1854166666667,18.451806552103
2354263,11020.0,2002-10-13,0.0,28.0,13.5,4.5,,,,,0.0,762.0,215.375,287.273057878056,55.11,100.0,84.2045833333333,17.7144345414464
2354264,11020.0,2002-10-14,0.0,29.0,12.5,4.41,,,,,0.0,929.0,215.916666666667,328.549766816783,51.29,100.0,84.695,17.5990231942374
2354265,11020.0,2002-10-15,0.0,30.0,12.0,5.65,,,,,0.0,858.0,248.875,323.341562908866,35.49,100.0,78.3745833333333,25.4110090792856
2354266,11020.0,2002-10-16,0.0,30.0,12.5,4.83,,,,,0.0,925.0,210.5,302.761923974425,55.56,100.0,86.7583333333333,16.2050734585531
2354267,11020.0,2002-10-17,0.0,30.0,11.5,6.04,,,,,0.0,819.0,245.666666666667,329.086042226658,41.14,100.0,80.47875,24.5048386193598
2354268,11020.0,2002-10-18,0.0,28.5,12.0,3.3,,,,,0.0,892.0,203.041666666667,299.88338011078,47.8,100.0,84.60875,19.9560177940303
2354269,11020.0,2002-10-19,5.6,31.0,13.0,4.6,,,,,0.0,854.0,205.25,302.01140922877,39.46,99.7,70.865,18.3123961341468
2354270,11020.0,2002-10-20,0.0,30.0,13.5,4.21,,,,,0.0,847.0,221.625,311.143726400294,42.15,100.0,79.1175,18.9846689291077
2354271,11020.0,2002-10-21,9.0,30.0,13.0,5.27,,,,,0.0,861.0,200.875,292.189085964075,44.87,100.0,81.62875,19.0889290273981
2354272,11020.0,2002-10-22,0.0,28.0,13.0,5.14,,,,,0.0,859.0,215.791666666667,327.405476457699,44.81,100.0,83.2175,17.3866928750247
2354273,11020.0,2002-10-23,0.0,28.0,13.0,4.23,,,,,0.0,805.0,211.25,287.721974799647,59.16,100.0,84.5975,14.8286368806823
2354274,11020.0,2002-10-24,9.2,26.5,14.0,3.12,,,,,0.0,780.0,170.833333333333,254.688328997495,54.82,100.0,87.1933333333333,16.6438127077084
2354275,11020.0,2002-10-25,1.0,20.0,14.5,0.82,,,,,0.0,598.0,151.541666666667,215.916243657957,59.62,100.0,85.6066666666667,17.7123620958497
2354276,11020.0,2002-10-26,0.0,28.0,15.0,4.12,,,,,0.0,820.0,223.541666666667,299.422484585514,50.02,100.0,75.2391666666667,17.2213696664466
2354277,11020.0,2002-10-27,1.3,29.0,14.0,3.43,,,,,0.0,725.0,177.086956521739,259.325683796804,52.2,100.0,85.8952173913043,14.8173436061091
2354278,11020.0,2002-10-28,10.4,27.5,14.0,2.55,,,,,0.0,832.0,236.166666666667,317.449299843321,49.21,100.0,82.6291666666667,19.4787054111087
2354279,11020.0,2002-10-29,0.0,30.0,12.5,4.81,,,,,0.0,837.0,231.083333333333,307.0668977766,50.22,100.0,81.0145833333333,19.8621212534917
2354280,11020.0,2002-10-30,0.0,30.0,13.0,2.25,,,,,0.0,807.0,194.791666666667,265.373728126411,61.34,100.0,84.6608333333333,14.9939344016365
2354281,11020.0,2002-10-31,0.0,28.0,13.0,3.71,,,,,0.0,671.0,165.375,230.992906441057,66.24,100.0,89.3083333333333,11.9895942806457
2354282,11020.0,2002-11-01,0.0,30.0,13.0,3.08,,,,,0.0,951.0,185.916666666667,275.827752909968,72.2,100.0,90.825,9.77731402611256
2354283,11020.0,2002-11-02,13.9,27.5,12.5,5.78,,,,,0.0,674.0,169.291666666667,234.314444834225,61.8,100.0,89.1883333333333,12.5001602308571
2354284,11020.0,2002-11-03,27.4,20.0,13.0,1.63,,,,,0.0,562.0,110.125,160.656618018193,71.6,100.0,92.6875,9.35053183793167
2354285,11020.0,2002-11-04,2.5,20.0,14.0,0.52,,,,,0.0,652.0,106.833333333333,164.298685238241,68.33,100.0,92.2904166666667,11.1996628362164
2354286,11020.0,2002-11-05,0.0,26.0,15.5,2.93,,,,,0.0,701.0,150.0,226.601354614317,62.69,100.0,89.6691666666667,12.2827382999447
2354287,11020.0,2002-11-06,0.0,17.5,15.0,2.95,,,,,0.0,842.0,131.75,228.640072184855,69.48,100.0,86.1658333333333,10.1708885151891
2354288,11020.0,2002-11-07,0.0,23.0,8.5,1.04,,,,,0.0,840.0,194.166666666667,303.370868835442,60.07,100.0,90.83625,13.9487281054894
2354289,11020.0,2002-11-08,0.0,26.0,9.0,3.76,,,,,0.0,742.0,168.916666666667,228.047080697151,50.69,100.0,82.91125,17.1901901531077
2354290,11020.0,2002-11-09,0.0,29.0,13.0,3.9,,,,,0.0,839.0,238.25,322.576617120714,39.29,100.0,80.4891666666667,22.3536344514355
2354291,11020.0,2002-11-10,0.0,30.0,11.5,4.16,,,,,0.0,860.0,246.791666666667,330.936218623924,30.22,100.0,73.5754166666667,27.0236596786508
2354292,11020.0,2002-11-11,0.0,30.0,11.5,4.12,,,,,0.0,851.0,238.25,323.485131705899,31.19,100.0,70.5641666666667,28.2805869683669
2354293,11020.0,2002-11-12,0.0,28.5,11.0,7.81,,,,,0.0,872.0,218.916666666667,292.771006622651,46.93,100.0,84.0370833333333,14.8530127171346
2354294,11020.0,2002-11-13,0.0,28.5,8.5,3.81,,,,,0.0,867.0,167.916666666667,260.876768620353,62.73,100.0,83.9508333333333,11.6766019910748
2354295,11020.0,2002-11-14,0.0,29.5,9.0,3.45,,,,,0.0,403.0,90.2083333333333,133.100478281787,60.23,100.0,85.7279166666667,16.3462414185798
2354296,11020.0,2002-11-15,0.0,28.0,10.5,2.62,,,,,0.0,826.0,198.791666666667,295.869680355428,47.78,99.5,74.2725,18.1517801857846
2354297,11020.0,2002-11-16,0.0,26.0,9.5,4.38,,,,,0.0,848.0,231.875,322.274567316644,52.96,100.0,79.9775,16.9490767351473
2354298,11020.0,2002-11-17,0.0,26.0,6.5,5.2,,,,,0.0,866.0,240.875,331.924076245313,16.88,100.0,73.1791666666667,29.5825117134323
2354299,11020.0,2002-11-18,0.0,26.5,2.0,3.89,,,,,0.0,863.0,236.75,326.763476486001,10.96,100.0,64.8141666666667,35.4088055759982
2354300,11020.0,2002-11-19,0.0,26.5,3.5,4.71,,,,,0.0,849.0,244.25,327.66449569511,14.96,95.5,56.2933333333333,29.0009417638187
2354301,11020.0,2002-11-20,0.0,26.5,4.0,3.71,,,,,0.0,879.0,220.208333333333,304.426899795075,17.89,100.0,74.74,33.027833848069
2354302,11020.0,2002-11-21,0.0,26.0,4.5,2.56,,,,,0.0,858.0,231.375,314.934888025528,35.72,100.0,74.3575,22.4066310546095
2354303,11020.0,2002-11-22,0.0,25.0,1.5,5.73,,,,,0.0,839.0,238.041666666667,321.944564383733,28.46,99.4,63.3466666666667,25.8027193825812
2354304,11020.0,2002-11-23,0.0,25.0,1.0,3.99,,,,,0.0,836.0,236.666666666667,319.087512415811,16.98,100.0,59.0204166666667,29.775002570608
2354305,11020.0,2002-11-24,0.0,25.0,1.5,4.54,,,,,0.0,830.0,230.041666666667,311.312855244655,13.82,99.3,57.6625,31.4160528406571
2354306,11020.0,2002-11-25,0.0,24.0,3.5,2.16,,,,,0.0,721.0,178.791666666667,254.400741584691,18.73,91.3,51.1195833333333,26.5566784328172
2354307,11020.0,2002-11-26,0.0,23.0,4.5,3.6,,,,,0.0,767.0,183.875,265.783552424017,20.44,99.7,59.4179166666667,29.2520628747365
2354308,11020.0,2002-11-27,0.0,19.0,6.5,1.63,,,,,0.0,413.0,104.333333333333,147.677282308908,61.18,100.0,85.0691666666667,14.1303733655298
2354309,11020.0,2002-11-28,0.0,22.0,9.5,1.93,,,,,0.0,614.0,123.916666666667,188.553283131613,68.05,100.0,91.0354166666667,10.7342450694096
2354310,11020.0,2002-11-29,0.0,26.5,7.5,2.78,,,,,0.0,654.0,172.375,244.306794384865,45.61,100.0,83.86375,20.9828372542688
2354311,11020.0,2002-11-30,0.0,27.5,8.5,4.51,,,,,0.0,679.0,192.416666666667,261.914343227716,30.35,100.0,78.1975,25.8798078499016
2354312,11020.0,2002-12-01,0.0,27.0,9.5,4.23,,,,,0.0,772.0,199.166666666667,284.148868922868,56.89,100.0,80.1854166666667,15.0662406895182
2354313,11020.0,2002-12-02,0.0,29.0,9.0,2.98,,,,,0.0,780.0,196.333333333333,289.249353336869,27.59,100.0,80.7683333333333,27.9460157643527
2354314,11020.0,2002-12-03,0.0,28.0,9.0,3.11,,,,,0.0,747.0,207.625,286.540506659219,29.14,100.0,67.9645833333333,26.4790185978596
2354315,11020.0,2002-12-04,0.0,29.0,9.0,3.77,,,,,0.0,752.0,196.75,271.961034613097,29.18,98.4,65.15875,25.0158232207746
2354316,11020.0,2002-12-05,0.0,27.0,7.0,3.48,,,,,0.0,677.0,190.833333333333,266.194382501514,27.6,100.0,75.0033333333333,29.2045144911992
2354317,11020.0,2002-12-06,0.0,27.0,6.0,2.61,,,,,0.0,735.0,151.416666666667,245.723937831031,55.09,100.0,90.3033333333333,14.9335285636824
2354318,11020.0,2002-12-07,0.0,21.0,6.5,0.9,,,,,0.0,663.0,131.125,207.585982709313,45.19,100.0,85.6025,21.806103702763
2354319,11020.0,2002-12-08,0.0,24.0,7.5,2.67,,,,,0.0,550.0,133.083333333333,200.919390426298,39.74,98.2,75.39375,21.9195288771372
2354320,11020.0,2002-12-09,0.0,26.0,6.5,3.39,,,,,0.0,791.0,217.583333333333,299.343181949598,28.51,100.0,69.605,25.1706516472623
2354321,11020.0,2002-12-10,0.0,25.5,5.5,3.02,,,,,0.0,804.0,218.75,304.050231833921,16.84,100.0,64.9883333333333,32.4729532496449
2354322,11020.0,2002-12-11,0.0,25.5,6.0,3.9,,,,,0.0,720.0,198.041666666667,269.182414175684,20.48,94.3,53.5154166666667,25.9566359077005
2354323,11020.0,2002-12-12,0.0,24.0,6.5,3.4,,,,,0.0,748.0,208.583333333333,288.015989391088,25.35,90.8,53.2179166666667,19.4477809126783
2354324,11020.0,2002-12-13,0.0,22.5,7.0,2.7,,,,,0.0,670.0,143.5,218.809625414224,22.91,89.2,58.3141666666667,23.3192079656434
2354325,11020.0,2002-12-14,0.0,17.0,7.5,0.77,,,,,0.0,240.0,52.125,75.331910497016,50.87,90.3,74.2233333333333,15.0519675636188
2354326,11020.0,2002-12-15,0.0,24.0,3.5,1.24,,,,,0.0,816.0,198.833333333333,281.280714908986,18.76,100.0,68.3770833333333,32.5252203787831
2354327,11020.0,2002-12-16,0.0,26.0,3.5,3.02,,,,,0.0,786.0,209.625,291.333935470144,23.03,90.0,54.83375,25.9903787905046
2354328,11020.0,2002-12-17,0.0,25.0,3.0,1.31,,,,,0.0,772.0,211.791666666667,297.450029294899,13.04,92.3,50.0608333333333,28.5566570197726
2354329,11020.0,2002-12-18,0.0,28.0,3.0,2.99,,,,,0.0,777.0,215.0,295.820450831978,18.06,87.0,49.7945833333333,24.7060205616516
2354330,11020.0,2002-12-19,0.0,27.0,3.0,3.58,,,,,0.0,790.0,218.125,300.584548259178,13.38,80.3,44.08375,23.5207451102953
2354331,11020.0,2002-12-20,0.0,25.0,2.5,3.41,,,,,0.0,753.0,181.541666666667,268.088560832564,20.11,96.5,66.2145833333333,25.4257137865974
2354332,11020.0,2002-12-21,0.0,27.0,3.5,2.34,,,,,0.0,769.0,210.125,289.640753873394,24.17,100.0,66.1204166666667,27.4043519995364
2354333,11020.0,2002-12-22,0.0,25.5,5.0,3.67,,,,,0.0,745.0,200.916666666667,276.620901575434,26.19,93.6,61.0095833333333,24.638591588624
2354334,11020.0,2002-12-23,0.0,21.5,6.0,2.11,,,,,0.0,729.0,178.583333333333,255.642229053344,36.52,90.1,58.3545833333333,15.0203974298044
2354335,11020.0,2002-12-24,0.0,22.5,5.5,2.53,,,,,0.0,634.0,152.5,223.68883667312,24.02,86.4,53.4920833333333,21.2192748675773
2354336,11020.0,2002-12-25,0.0,23.5,5.5,3.12,,,,,0.0,636.0,149.333333333333,222.477095385153,29.65,99.5,64.6945833333333,22.6533487262809
2354337,11020.0,2002-12-26,0.0,23.0,8.0,2.21,,,,,0.0,614.0,122.083333333333,190.089204841047,34.94,81.8,59.6425,15.3919745463271
2354338,11020.0,2002-12-27,0.0,23.0,8.5,4.02,,,,,0.0,507.0,129.083333333333,182.147555251389,44.77,96.8,74.9441666666667,14.0138946318867
2354339,11020.0,2002-12-28,0.0,22.5,8.5,2.84,,,,,0.0,605.0,144.916666666667,212.847550397332,60.52,99.3,86.6970833333333,13.2510581953707
2354340,11020.0,2002-12-29,0.0,23.5,6.0,2.48,,,,,0.0,716.0,165.166666666667,242.905003200243,44.65,100.0,84.3245833333333,21.1696682069595
2354341,11020.0,2002-12-30,0.0,23.5,6.0,4.6,,,,,0.0,702.0,166.958333333333,245.131283222874,37.63,94.1,65.2804166666667,18.5959821464948
2354342,11020.0,2002-12-31,0.0,27.5,4.5,3.77,,,,,0.0,792.0,216.75,298.706668678561,19.53,94.0,55.08375,22.8520285109488
2354343,11020.0,2003-01-01,0.0,27.5,5.0,4.12,,,,,0.0,782.0,213.166666666667,293.195240881162,15.97,81.7,48.5775,23.3626199487464
2354344,11020.0,2003-01-02,0.0,26.0,5.0,5.73,,,,,0.0,745.0,173.708333333333,254.743772235463,19.33,78.4,51.2691666666667,14.7208198958413
2354345,11020.0,2003-01-03,0.0,22.0,3.5,3.91,,,,,0.0,766.0,180.875,261.111389274186,32.52,88.5,61.51375,16.6480425308411
2354346,11020.0,2003-01-04,0.0,25.0,4.0,4.19,,,,,0.0,750.0,203.333333333333,281.102436329081,20.44,94.5,56.84625,25.5600654575776
2354347,11020.0,2003-01-05,0.0,27.0,5.5,3.36,,,,,0.0,756.0,196.5,276.51448582229,18.19,76.8,41.8479166666667,18.5258723855296
2354348,11020.0,2003-01-06,0.0,23.0,9.0,3.6,,,,,0.0,589.0,138.416666666667,202.46028417116,21.08,76.1,48.6441666666667,17.9780387566673
2354349,11020.0,2003-01-07,0.0,18.0,9.5,2.1,,,,,0.0,449.0,87.5833333333333,131.911339350624,76.1,99.3,86.6416666666667,5.91151541423632
2354350,11020.0,2003-01-08,0.0,25.5,6.0,3.68,,,,,0.0,746.0,196.541666666667,285.639629933253,47.71,100.0,83.0433333333333,17.3782304264164
2354351,11020.0,2003-01-09,0.0,25.0,7.0,1.82,,,,,0.0,651.0,175.916666666667,237.682820557999,29.68,100.0,76.2754166666667,27.0326660653634
2354352,11020.0,2003-01-10,0.0,26.0,9.0,2.16,,,,,0.0,748.0,196.125,282.105023998541,30.27,78.8,58.535,13.8937076780634
2354353,11020.0,2003-01-11,5.5,22.0,9.5,1.63,,,,,0.0,386.0,94.1666666666667,132.271350431329,55.55,100.0,86.73,14.3670767956524
2354354,11020.0,2003-01-12,1.1,15.5,9.5,1.1,,,,,0.0,212.0,43.375,63.2907799453203,54.04,100.0,84.895,13.2076779382956
2354355,11020.0,2003-01-13,0.0,25.0,10.5,3.49,,,,,0.0,640.0,160.0,235.206846986998,71.9,100.0,87.1333333333333,10.8862364905203
2354356,11020.0,2003-01-14,0.0,26.0,4.0,4.19,,,,,0.0,802.0,197.708333333333,299.291261245582,27.74,100.0,81.1870833333333,28.0729675758459
2354357,11020.0,2003-01-15,0.0,26.0,1.5,3.81,,,,,0.0,821.0,228.458333333333,310.559380188698,19.91,100.0,74.0754166666667,28.5269401244213
2354358,11020.0,2003-01-16,0.0,25.0,2.0,5.49,,,,,0.0,840.0,232.25,316.657715357848,14.06,100.0,65.1370833333333,30.9323610590657
2354359,11020.0,2003-01-17,0.0,20.0,4.0,1.1,,,,,0.0,737.0,148.708333333333,237.198592115234,38.48,98.5,80.0154166666667,16.7397932508054
2354360,11020.0,2003-01-18,0.0,26.0,4.0,3.71,,,,,0.0,798.0,217.0,306.116630231596,21.95,100.0,71.7383333333333,28.0490360474011
2354361,11020.0,2003-01-19,0.0,26.0,4.5,4.42,,,,,0.0,800.0,222.5,305.878066072656,20.27,98.8,63.1483333333333,28.0932734741389
2354362,11020.0,2003-01-20,0.0,28.0,5.5,2.9,,,,,0.0,797.0,222.0,303.146542264557,19.87,92.3,57.3683333333333,25.5841016643347
2354363,11020.0,2003-01-21,0.0,29.0,6.0,3.77,,,,,0.0,764.0,218.916666666667,296.347903164751,17.18,87.0,48.4554166666667,24.8935577451305
2354364,11020.0,2003-01-22,0.0,29.0,7.0,4.11,,,,,0.0,701.0,175.333333333333,250.575800675281,19.13,89.6,50.8979166666667,24.4690546323606
2354365,11020.0,2003-01-23,0.0,26.0,8.0,3.59,,,,,0.0,753.0,167.458333333333,271.33229733983,30.16,97.0,74.4966666666667,21.410303018928
2354366,11020.0,2003-01-24,0.0,25.0,6.5,3.81,,,,,0.0,776.0,198.666666666667,284.862387320869,33.42,100.0,82.65,21.4692514196872
2354367,11020.0,2003-01-25,0.0,26.0,6.0,3.73,,,,,0.0,789.0,205.083333333333,284.560059629302,28.07,100.0,75.6070833333333,27.7403041391381
2354368,11020.0,2003-01-26,0.0,26.0,6.5,3.12,,,,,0.0,766.0,188.25,271.022740903704,25.82,94.6,64.6495833333333,25.8829251218312
2354369,11020.0,2003-01-27,3.3,14.0,7.0,0.44,,,,,0.0,266.0,59.3333333333333,79.7461552387469,72.0,99.1,89.5958333333333,6.74694643760302
2354370,11020.0,2003-01-28,0.0,25.0,8.5,3.16,,,,,0.0,796.0,195.0,291.83095166179,52.99,100.0,87.7029166666667,17.1719810913432
2354371,11020.0,2003-01-29,0.0,26.0,8.0,3.57,,,,,0.0,775.0,210.208333333333,291.893068444246,32.17,100.0,76.8229166666667,25.7948856540555
2354372,11020.0,2003-01-30,0.0,21.5,8.5,2.86,,,,,0.0,578.0,147.25,199.671088238285,26.61,76.0,58.0429166666667,15.7590455678682
2354373,11020.0,2003-01-31,0.0,26.0,9.0,3.9,,,,,0.0,828.0,175.541666666667,263.682117440624,19.33,99.5,69.6658333333333,29.1373687924103
2354374,11020.0,2003-02-01,0.0,27.0,10.0,4.89,,,,,0.0,810.0,214.958333333333,301.429417676145,23.54,96.3,60.5008333333333,27.5412196876619
2354375,11020.0,2003-02-02,1.5,27.5,9.5,3.59,,,,,0.0,809.0,199.833333333333,286.998358829828,33.04,100.0,73.5304166666667,24.0392260020027
2354376,11020.0,2003-02-03,0.0,26.0,10.0,4.27,,,,,0.0,851.0,219.291666666667,310.266432373808,37.38,99.9,67.7145833333333,20.3923794332411
2354377,11020.0,2003-02-04,0.0,29.0,8.0,4.11,,,,,0.0,839.0,236.541666666667,320.029887078048,24.17,97.0,66.0429166666667,23.4671176939632
2354378,11020.0,2003-02-05,0.0,28.0,8.5,5.71,,,,,0.0,843.0,227.791666666667,324.432344279193,24.67,100.0,80.0679166666667,29.3409323788853
2354379,11020.0,2003-02-06,0.0,28.5,9.0,4.18,,,,,0.0,853.0,240.75,330.856760021877,26.22,73.5,50.0945833333333,15.9929723640176
2354380,11020.0,2003-02-07,0.0,28.0,9.5,5.21,,,,,0.0,869.0,235.791666666667,326.078008693661,16.57,99.8,58.3375,28.5803306108605
2354381,11020.0,2003-02-08,0.0,28.0,10.0,5.8,,,,,0.0,860.0,224.208333333333,323.847653281959,16.74,100.0,71.92625,34.0423568402531
2354382,11020.0,2003-02-09,0.0,29.0,9.0,5.73,,,,,0.0,869.0,247.708333333333,326.998268731844,21.88,69.53,42.0733333333333,16.4082650612074
2354383,11020.0,2003-02-10,0.0,33.0,9.5,5.21,,,,,0.0,835.0,237.5,322.865566316762,24.43,81.6,49.7945833333333,19.5027282325959
2354384,11020.0,2003-02-11,0.0,31.0,9.5,4.63,,,,,0.0,862.0,239.083333333333,333.623833559356,22.38,100.0,72.6583333333333,29.7432799376477
2354385,11020.0,2003-02-12,0.0,32.0,10.0,7.83,,,,,0.0,876.0,245.583333333333,340.17922599286,24.57,100.0,70.0004166666667,27.5598263828643
2354386,11020.0,2003-02-13,0.0,32.0,9.5,6.1,,,,,0.0,868.0,244.375,334.09043458061,23.56,100.0,74.23375,28.5008486239026
2354387,11020.0,2003-02-14,0.0,25.0,10.0,4.97,,,,,0.0,876.0,251.125,336.805622242137,36.2,96.5,63.485,20.9817040382288
2354388,11020.0,2003-02-15,0.0,26.0,8.0,6.03,,,,,0.0,903.0,265.916666666667,349.000051908139,18.62,76.7,51.44625,18.4119535398114
2354389,11020.0,2003-02-16,0.0,29.0,7.0,3.44,,,,,0.0,866.0,239.541666666667,325.850189526556,24.11,97.1,61.1775,23.2246806970141
2354390,11020.0,2003-02-17,0.0,30.0,6.5,6.08,,,,,0.0,889.0,250.666666666667,345.650070178631,19.09,93.5,70.9741666666667,25.2173204652928
2354391,11020.0,2003-02-18,0.0,30.0,7.0,5.3,,,,,0.0,899.0,264.875,347.67617523507,16.94,97.4,61.41875,29.1413115267656
2354392,11020.0,2003-02-19,0.0,29.0,9.0,6.83,,,,,0.0,885.0,260.875,341.040519395519,17.58,74.2,44.03,16.3047675076421
2354393,11020.0,2003-02-20,0.0,27.0,9.5,6.2,,,,,0.0,912.0,267.875,353.067466455868,19.8,77.1,44.7758333333333,18.6459147913369
2354394,11020.0,2003-02-21,0.0,26.0,6.5,7.18,,,,,0.0,933.0,273.958333333333,360.963261910787,14.02,37.62,24.5966666666667,8.61125889229588
2354395,11020.0,2003-02-22,0.0,28.0,6.5,4.6,,,,,0.0,934.0,278.0,362.595354774917,14.39,79.6,41.9808333333333,20.0054694514029
2354396,11020.0,2003-02-23,0.0,27.0,5.5,5.86,,,,,0.0,925.0,274.541666666667,359.457680785044,13.95,88.3,53.65875,27.4852716784668
2354397,11020.0,2003-02-24,0.0,30.0,6.0,6.49,,,,,0.0,930.0,275.5,359.20407182741,12.0,77.3,43.2320833333333,26.27777437124
2354398,11020.0,2003-02-25,0.0,32.0,6.0,5.27,,,,,0.0,938.0,272.916666666667,355.403006601589,10.08,76.6,34.4045833333333,21.5693081018551
2354399,11020.0,2003-02-26,0.0,28.5,9.0,5.12,,,,,0.0,941.0,249.5,344.062052037382,12.5,57.99,26.5308333333333,11.207290684762
2354400,11020.0,2003-02-27,0.0,29.0,9.0,8.66,,,,,0.0,861.0,227.125,302.135919960595,22.12,57.72,33.1845833333333,9.2462048520821
2354401,11020.0,2003-02-28,0.0,28.0,10.0,6.4,,,,,0.0,937.0,276.208333333333,362.193916253455,22.55,71.7,41.2770833333333,16.6607224852911
2354402,11020.0,2003-03-01,0.0,28.0,10.5,5.9,,,,,0.0,826.0,216.458333333333,292.122960883533,18.55,63.28,36.9833333333333,13.4014842353429
2354403,11020.0,2003-03-02,0.0,34.0,8.5,7.3,,,,,0.0,942.0,277.791666666667,368.214845031334,13.51,74.0,39.2841666666667,20.3125951324417
2354404,11020.0,2003-03-03,0.0,32.5,9.0,7.83,,,,,0.0,906.0,268.125,342.508433726694,13.17,46.21,26.96125,7.79849389723538
2354405,11020.0,2003-03-04,0.0,32.0,10.0,6.11,,,,,0.0,955.0,285.958333333333,369.45923810779,10.82,64.17,34.44875,16.6333275482114
2354406,11020.0,2003-03-05,0.0,35.0,9.0,9.39,,,,,0.0,946.0,281.041666666667,365.68595212246,17.54,69.94,35.3366666666667,14.5769471565824
2354407,11020.0,2003-03-06,0.0,32.0,10.0,8.11,,,,,0.0,953.0,289.125,372.712304541347,13.71,56.43,33.43625,11.3766797374201
2354408,11020.0,2003-03-07,0.0,33.0,10.0,5.61,,,,,0.0,961.0,286.583333333333,371.209411971507,11.86,70.8,34.33125,19.0691278641683
2354409,11020.0,2003-03-08,0.0,35.0,10.0,7.5,,,,,0.0,905.0,270.208333333333,351.403394995684,15.39,99.1,61.9595833333333,29.6255962301648
2354410,11020.0,2003-03-09,0.0,37.0,11.0,8.7,,,,,0.0,865.0,254.666666666667,323.284054215708,17.61,77.3,45.7266666666667,16.501898090211
2354411,11020.0,2003-03-10,0.0,35.5,12.5,6.82,,,,,0.0,902.0,261.333333333333,346.873823277806,27.89,100.0,73.5008333333333,25.8147894780705
2354412,11020.0,2003-03-11,0.0,32.0,13.0,5.42,,,,,0.0,661.0,157.208333333333,223.350763163677,28.26,100.0,72.42375,26.2466494445523
2354413,11020.0,2003-03-12,0.0,32.0,10.0,6.46,,,,,0.0,846.0,240.541666666667,320.840876064169,15.62,100.0,59.1008333333333,28.2368815122391
2354414,11020.0,2003-03-13,0.0,33.0,11.0,7.0,,,,,0.0,812.0,250.875,324.895744147592,13.07,82.0,45.6670833333333,23.8602748770869
2354415,11020.0,2003-03-14,0.0,30.0,11.5,5.21,,,,,0.0,851.0,180.458333333333,257.62088410596,15.32,100.0,69.79875,28.5601320348458
2354416,11020.0,2003-03-15,0.0,29.0,11.5,8.79,,,,,0.0,905.0,262.541666666667,350.162195854717,11.73,99.4,61.1604166666667,34.3202076966411
2354417,11020.0,2003-03-16,0.0,30.0,7.0,6.31,,,,,0.0,967.0,289.875,372.81377942672,10.22,34.46,20.9466666666667,7.74935490536311
2354418,11020.0,2003-03-17,0.0,26.0,6.0,6.69,,,,,0.0,961.0,290.125,370.980992422968,13.85,33.15,22.7125,6.05558186627267
2354419,11020.0,2003-03-18,0.0,26.5,6.5,7.12,,,,,0.0,985.0,299.083333333333,383.084043074064,11.53,38.51,25.1116666666667,8.89508054887725
2354420,11020.0,2003-03-19,0.0,26.0,6.0,7.11,,,,,0.0,993.0,303.75,385.937396365063,10.29,40.41,23.07375,11.1934351150088
2354421,11020.0,2003-03-20,0.0,29.0,5.5,8.87,,,,,0.0,998.0,305.291666666667,389.061465934834,7.53,46.69,25.70625,13.7545109794063
2354422,11020.0,2003-03-21,0.0,30.0,6.0,6.12,,,,,0.0,999.0,304.125,386.833444948126,7.43,91.3,35.62375,30.2657139656051
2354423,11020.0,2003-03-22,0.0,31.0,5.0,7.1,,,,,0.0,1007.0,309.291666666667,392.996125566328,5.75,79.3,38.1670833333333,29.4495074852397
2354424,11020.0,2003-03-23,0.0,31.0,5.5,6.2,,,,,0.0,973.0,269.375,350.215934941511,7.33,100.0,65.0408333333333,28.962537409357
2354425,11020.0,2003-03-24,0.0,31.0,9.0,7.59,,,,,0.0,969.0,293.291666666667,376.995730475958,11.36,100.0,64.9179166666667,34.1649342199516
2354426,11020.0,2003-03-25,0.0,30.5,10.0,6.61,,,,,0.0,980.0,294.375,372.836811545585,9.08,45.38,27.7829166666667,11.452277342982
2354427,11020.0,2003-03-26,0.0,31.0,10.0,7.03,,,,,0.0,985.0,302.416666666667,384.001236033639,12.94,78.8,37.6316666666667,18.8200648399444
2354428,11020.0,2003-03-27,0.0,31.0,9.0,7.9,,,,,0.0,935.0,284.458333333333,358.270116600974,18.58,100.0,67.1891666666667,33.5120711433782
2354429,11020.0,2003-03-28,0.0,26.0,11.5,6.8,,,,,0.0,847.0,266.375,338.228609658178,17.85,51.1,34.5804166666667,12.1088417135962
2354430,11020.0,2003-03-29,0.0,26.0,12.0,5.91,,,,,0.0,914.0,241.125,331.036358504884,16.64,58.7,32.2825,11.7539407822672
2354431,11020.0,2003-03-30,0.0,21.0,9.5,4.12,,,,,0.0,818.0,198.875,284.705234676453,21.18,94.4,68.11875,22.8354625646926
2354432,11020.0,2003-03-31,0.0,28.0,9.5,7.44,,,,,0.0,1008.0,275.125,380.528729704388,13.29,60.94,44.6045833333333,17.8874495664629
2354433,11020.0,2003-04-01,0.0,30.0,9.0,6.76,,,,,0.0,1012.0,261.041666666667,351.352353698215,11.96,76.6,39.7041666666667,21.2721405714788
2354434,11020.0,2003-04-02,0.0,27.0,10.0,4.21,,,,,0.0,891.0,198.083333333333,287.268835862805,12.81,58.27,31.7166666666667,13.6015474396711
2354435,11020.0,2003-04-03,0.0,30.0,12.5,6.39,,,,,0.0,939.0,239.125,317.220717633089,22.28,75.9,43.2058333333333,18.0844287853599
2354436,11020.0,2003-04-04,0.0,32.0,13.0,9.97,,,,,0.0,942.0,298.875,376.374618247391,13.51,61.79,36.1583333333333,14.1456374183355
2354437,11020.0,2003-04-05,0.0,32.0,13.5,7.81,,,,,0.0,993.0,287.0,384.173081464252,16.3,66.98,36.6108333333333,17.0415586439296
2354438,11020.0,2003-04-06,0.0,35.0,12.5,7.14,,,,,0.0,1022.0,295.875,368.497927845038,13.94,67.0,28.9495833333333,16.2031240893114
2354439,11020.0,2003-04-07,0.0,33.0,13.0,5.89,,,,,0.0,858.0,220.25,289.708586716706,17.1,62.05,29.40875,13.4882681108597
2354440,11020.0,2003-04-08,0.0,34.0,12.5,10.94,,,,,0.0,1035.0,279.708333333333,364.616711101525,24.07,98.7,68.5308333333333,21.2282215595115
2354441,11020.0,2003-04-09,3.8,32.5,14.0,6.88,,,,,0.0,1002.0,274.083333333333,368.244001889421,48.92,98.2,81.5508333333333,18.1237926534412
2354442,11020.0,2003-04-10,0.0,26.0,14.0,4.62,,,,,0.0,948.0,205.708333333333,289.930498293263,37.71,89.5,68.1258333333333,15.0264494104249
2354443,11020.0,2003-04-11,0.0,28.0,14.5,7.7,,,,,0.0,972.0,261.333333333333,334.46916627457,21.71,98.2,63.2079166666667,28.0868972978298
2354444,11020.0,2003-04-12,0.0,33.0,12.0,7.61,,,,,0.0,1038.0,326.166666666667,406.593661776843,15.46,81.2,42.1929166666667,22.1030038248133
2354445,11020.0,2003-04-13,0.0,33.0,11.0,7.14,,,,,0.0,1045.0,320.25,400.074802788287,15.15,92.9,55.9229166666667,27.1833370442688
2354446,11020.0,2003-04-14,0.0,33.0,11.0,6.17,,,,,0.0,1038.0,319.0,401.345562912517,13.64,100.0,61.3595833333333,32.7960802906008
2354447,11020.0,2003-04-15,0.0,35.0,12.0,7.9,,,,,0.0,1024.0,321.166666666667,401.707947845594,16.67,100.0,63.3895833333333,33.1932023527037
2354448,11020.0,2003-04-16,0.0,35.0,13.0,8.12,,,,,0.0,1045.0,331.083333333333,409.685342317912,10.98,63.71,32.3125,17.6058963072775
2354449,11020.0,2003-04-17,0.0,37.0,12.0,7.68,,,,,0.0,1019.0,325.791666666667,402.157116080883,12.53,99.7,54.5183333333333,32.7296903725663
2354450,11020.0,2003-04-18,0.0,37.0,13.0,8.89,,,,,0.0,1001.0,317.583333333333,388.883006511757,15.25,81.6,45.8425,24.7572556338892
2354451,11020.0,2003-04-19,0.0,34.0,14.0,7.51,,,,,0.0,1020.0,293.0,373.536448369995,18.58,66.42,35.3045833333333,16.0713709756272
2354452,11020.0,2003-04-20,0.0,37.0,15.0,12.39,,,,,0.0,1032.0,321.125,397.070611670234,12.5,67.9,34.07875,19.0164817100965
2354453,11020.0,2003-04-21,0.0,34.0,15.0,4.24,,,,,0.0,1029.0,281.875,366.099572164637,36.32,97.5,68.6133333333333,19.0313495755468
2354454,11020.0,2003-04-22,0.0,34.0,14.5,8.53,,,,,0.0,910.0,278.666666666667,337.989923527014,24.36,100.0,67.37375,29.7140448145171
2354455,11020.0,2003-04-23,0.0,33.0,14.5,7.2,,,,,0.0,1044.0,314.5,393.47614700369,21.54,93.2,56.3195833333333,25.2802749158082
2354456,11020.0,2003-04-24,0.0,34.0,14.0,11.77,,,,,0.0,1040.0,325.833333333333,405.31787489592,17.74,57.09,34.8504166666667,13.0635248852496
2354457,11020.0,2003-04-25,0.0,34.0,14.0,10.12,,,,,0.0,1049.0,332.416666666667,411.494298831727,12.9,45.21,28.3529166666667,9.637559892857
2354458,11020.0,2003-04-26,0.0,35.0,15.0,9.72,,,,,0.0,1046.0,321.583333333333,404.889884833617,14.82,71.8,30.7929166666667,17.7138954248688
2354459,11020.0,2003-04-27,0.0,36.0,14.0,10.11,,,,,0.0,1062.0,341.666666666667,418.720999428401,10.88,57.51,28.2933333333333,14.159939408697
2354460,11020.0,2003-04-28,0.0,35.0,15.0,8.41,,,,,0.0,915.0,296.5,355.833375759425,12.63,82.0,44.7170833333333,24.7548258763148
2354461,11020.0,2003-04-29,0.0,34.5,15.0,11.67,,,,,0.0,984.0,316.291666666667,390.877549953909,13.91,69.8,30.8041666666667,16.079202045058
2354462,11020.0,2003-04-30,0.0,37.0,14.0,9.73,,,,,0.0,1056.0,324.666666666667,399.866898144725,13.0,100.0,55.3008333333333,38.0543424839276
2354463,11020.0,2003-05-01,0.0,37.0,14.0,10.38,,,,,0.0,1030.0,330.208333333333,405.719005263352,14.95,52.85,28.7625,11.3920331620487
2354464,11020.0,2003-05-02,0.0,38.0,14.0,10.42,,,,,0.0,1032.0,331.666666666667,404.173194329476,12.53,72.4,32.735,18.9744858439821
2354465,11020.0,2003-05-03,0.0,37.5,14.0,9.58,,,,,0.0,1019.0,301.791666666667,374.774712520639,15.79,76.0,38.9854166666667,20.0962685221534
2354466,11020.0,2003-05-04,0.0,40.0,16.0,9.79,,,,,0.0,899.0,214.708333333333,290.593916445892,21.27,98.1,54.5366666666667,26.8182871849832
2354467,11020.0,2003-05-05,0.0,38.0,16.0,8.22,,,,,0.0,1019.0,325.166666666667,404.656769928881,11.86,75.2,37.0875,20.2900749457548
2354468,11020.0,2003-05-06,0.0,36.0,14.5,10.11,,,,,0.0,992.0,316.833333333333,391.610239536896,13.57,60.68,29.37625,14.4834765861563
2354469,11020.0,2003-05-07,0.0,38.0,15.0,8.4,,,,,0.0,1006.0,282.208333333333,363.382416741787,14.14,62.55,29.6920833333333,15.2236092330206
2354470,11020.0,2003-05-08,0.0,38.0,15.0,8.86,,,,,0.0,1049.0,325.208333333333,401.494055310008,9.91,75.1,35.0325,19.3741713427282
2354471,11020.0,2003-05-09,0.0,37.0,15.5,8.12,,,,,0.0,1018.0,326.25,398.33907885008,14.04,82.6,48.8404166666667,23.5944227896205
2354472,11020.0,2003-05-10,0.0,37.5,15.0,8.79,,,,,0.0,1021.0,327.75,400.602508186378,13.44,70.5,37.84625,18.4057674827874
2354473,11020.0,2003-05-11,0.0,39.5,15.0,10.4,,,,,0.0,1028.0,315.833333333333,387.956594016109,17.44,56.22,35.3916666666667,11.7093640218887
2354474,11020.0,2003-05-12,0.0,34.5,15.5,7.36,,,,,0.0,1065.0,316.708333333333,391.876919360577,32.83,92.6,63.33125,20.0451235124764
2354475,11020.0,2003-05-13,0.0,35.0,15.5,8.49,,,,,0.0,1050.0,331.541666666667,405.400819283043,23.52,90.9,59.63625,23.7561901887194
2354476,11020.0,2003-05-14,0.0,36.0,14.5,9.82,,,,,0.0,1071.0,346.75,416.872543340653,13.51,97.2,57.3004166666667,29.8575374620397
2354477,11020.0,2003-05-15,0.0,39.0,15.0,11.41,,,,,0.0,1060.0,346.916666666667,414.564403835564,9.37,89.3,42.7333333333333,27.1570168155274
2354478,11020.0,2003-05-16,0.0,38.0,15.5,10.3,,,,,0.0,1046.0,334.5,402.124142631298,12.23,86.8,47.2120833333333,26.304832417533
2354479,11020.0,2003-05-17,3.9,39.0,15.5,11.52,,,,,0.0,1017.0,329.333333333333,398.736010158477,14.21,81.3,47.9333333333333,23.5808038485741
2354480,11020.0,2003-05-18,0.0,35.0,16.0,7.6,,,,,0.0,1063.0,339.416666666667,411.892864570458,14.52,73.8,44.2466666666667,20.982927152427
2354481,11020.0,2003-05-19,0.0,37.5,16.0,10.28,,,,,0.0,1036.0,334.208333333333,397.608500824034,11.86,85.5,45.37875,23.4952935735797
2354482,11020.0,2003-05-20,0.0,37.0,16.5,12.15,,,,,0.0,1056.0,341.875,409.054085134493,18.41,96.7,50.06875,27.7201807373021
2354483,11020.0,2003-05-21,0.0,34.0,15.0,8.33,,,,,0.0,1049.0,339.083333333333,404.937560046277,26.58,90.0,56.7804166666667,22.607166135728
2354484,11020.0,2003-05-22,0.0,36.5,14.5,10.89,,,,,0.0,1031.0,335.708333333333,400.368034945095,33.94,93.2,61.5245833333333,20.5710630401409
2354485,11020.0,2003-05-23,0.0,33.0,15.5,7.83,,,,,0.0,1077.0,316.208333333333,382.012517341771,32.69,92.2,65.62875,20.0144924258702
2354486,11020.0,2003-05-24,0.0,31.5,16.5,5.91,,,,,0.0,954.0,242.833333333333,312.666743920141,29.37,97.8,67.515,22.5815732882789
2354487,11020.0,2003-05-25,5.6,31.5,16.0,5.69,,,,,0.0,1105.0,237.166666666667,366.345959877874,36.69,87.6,64.56625,16.0136023192513
2354488,11020.0,2003-05-26,0.0,32.0,14.5,7.99,,,,,0.0,1009.0,278.625,357.914467861175,34.24,99.9,76.4504166666667,23.598239337265
2354489,11020.0,2003-05-27,0.0,32.0,13.0,7.42,,,,,0.0,1026.0,287.958333333333,394.470749361026,46.79,100.0,81.5045833333333,18.9089612937926
2354490,11020.0,2003-05-28,0.0,29.0,13.5,6.14,,,,,0.0,949.0,291.708333333333,348.579911512618,49.04,97.5,75.8941666666667,18.1479863337786
2354491,11020.0,2003-05-29,6.7,30.5,14.5,5.35,,,,,0.0,1007.0,273.625,344.354444861181,52.44,100.0,74.90375,17.8219256297453
2354492,11020.0,2003-05-30,0.0,31.0,14.5,5.41,,,,,0.0,998.0,302.541666666667,367.274210930325,31.79,100.0,70.0679166666667,26.0228013696295
2354493,11020.0,2003-05-31,0.0,30.0,14.5,7.3,,,,,0.0,1015.0,311.333333333333,399.35901540895,31.89,100.0,66.69375,27.5244362280849
2354494,11020.0,2003-06-01,0.0,24.0,16.0,7.03,,,,,0.0,993.0,289.375,372.906657221348,26.92,100.0,64.02,26.6626822748004
2354495,11020.0,2003-06-02,17.0,28.0,17.0,6.19,,,,,0.0,1005.0,228.5,336.739352176647,42.32,99.6,75.2908333333333,19.8675954031043
2354496,11020.0,2003-06-03,0.0,29.0,17.0,5.17,,,,,0.0,774.0,193.166666666667,263.770431587223,31.69,100.0,74.9983333333333,25.5506473442483
2354497,11020.0,2003-06-04,0.0,24.0,15.0,7.5,,,,,0.0,1016.0,315.666666666667,384.141580180001,31.85,100.0,67.585,24.0673672265454
2354498,11020.0,2003-06-05,0.0,33.0,15.0,7.62,,,,,0.0,1006.0,295.916666666667,380.401608905603,51.82,100.0,78.5579166666667,18.3946993733584
2354499,11020.0,2003-06-06,0.0,34.5,15.5,7.71,,,,,0.0,1016.0,327.458333333333,400.979233894341,33.23,100.0,72.9183333333333,23.5181494515021
2354500,11020.0,2003-06-07,0.0,35.0,16.5,8.67,,,,,0.0,912.0,263.833333333333,317.286822191266,47.58,99.4,78.235,18.1993932053648
2354501,11020.0,2003-06-08,0.0,33.0,18.0,6.22,,,,,0.0,922.0,284.25,350.52621932572,40.49,100.0,73.7008333333333,22.6189816240728
2354502,11020.0,2003-06-09,3.8,29.0,17.0,6.49,,,,,0.0,1066.0,262.0,346.821216942878,45.75,98.4,73.83625,19.1142109237899
2354503,11020.0,2003-06-10,15.2,29.0,18.0,5.2,,,,,0.0,893.0,187.083333333333,265.114235700414,63.46,100.0,88.7175,12.9755252050862
2354504,11020.0,2003-06-11,35.3,30.0,16.0,4.48,,,,,0.0,920.0,263.083333333333,337.307744489737,67.58,100.0,89.745,12.5725473881027
2354505,11020.0,2003-06-12,0.5,29.0,17.0,7.16,,,,,0.0,985.0,257.833333333333,334.763338425257,47.29,98.0,78.18,17.0367745467422
2354506,11020.0,2003-06-13,0.0,29.0,17.0,7.18,,,,,0.0,999.0,320.625,389.595198222797,35.41,100.0,76.8029166666667,21.3743787052684
2354507,11020.0,2003-06-14,49.5,32.5,15.5,7.62,,,,,0.0,1015.0,284.625,365.034341743587,42.34,100.0,76.0795833333333,19.1763956986904
2354508,11020.0,2003-06-15,0.9,31.5,16.0,6.7,,,,,0.0,1061.0,330.708333333333,407.537299351015,35.15,100.0,72.57875,23.0326460773852
2354509,11020.0,2003-06-16,0.0,29.0,17.0,7.29,,,,,0.0,1002.0,297.541666666667,364.293357559974,51.66,92.6,72.7745833333333,13.8907097446511
2354510,11020.0,2003-06-17,0.0,29.0,16.0,8.12,,,,,0.0,820.0,197.791666666667,273.97778062347,52.5,95.5,76.2929166666667,14.5141129157756
2354511,11020.0,2003-06-18,0.0,30.0,16.0,6.42,,,,,0.0,806.0,201.583333333333,258.711509074367,49.04,91.4,71.75125,14.1073829922954
2354512,11020.0,2003-06-19,0.0,32.0,16.0,5.07,,,,,0.0,1023.0,341.083333333333,405.144302436924,36.22,98.1,68.7070833333333,22.0282996796249
2354513,11020.0,2003-06-20,0.0,33.0,14.5,7.11,,,,,0.0,987.0,318.0,370.372785177313,38.61,98.8,66.85375,20.8806887718522
2354514,11020.0,2003-06-21,0.0,34.0,17.5,6.13,,,,,0.0,881.0,267.041666666667,308.817869381413,37.23,94.9,63.8208333333333,18.3351159673516
2354515,11020.0,2003-06-22,9.2,32.0,18.0,4.09,,,,,0.0,717.0,199.625,225.244758178646,50.25,94.1,70.8625,16.2766507210683
2354516,11020.0,2003-06-23,18.1,31.5,17.5,7.82,,,,,0.0,924.0,302.916666666667,352.439315364351,38.72,94.9,69.3183333333333,20.2545841653228
2354517,11020.0,2003-06-24,2.3,30.0,17.5,5.71,,,,,0.0,1021.0,323.416666666667,398.182710592126,45.33,96.7,73.9275,18.2267770649096
2354518,11020.0,2003-06-25,0.0,31.0,17.0,8.02,,,,,0.0,1043.0,352.333333333333,401.499002832339,42.07,93.5,67.21875,17.1182044752515
2354519,11020.0,2003-06-26,0.0,31.0,16.5,7.12,,,,,0.0,1004.0,332.291666666667,396.400596582566,30.48,99.7,63.5591666666667,23.5352479257716
2354520,11020.0,2003-06-27,0.0,30.5,15.0,8.58,,,,,0.0,891.0,304.416666666667,357.654547520815,38.99,93.5,67.9529166666667,18.4443582700172
2354521,11020.0,2003-06-28,0.0,31.0,14.5,9.19,,,,,0.0,1050.0,350.875,411.62132370716,34.32,100.0,66.5629166666667,22.550636639845
2354522,11020.0,2003-06-29,21.2,31.0,15.0,5.71,,,,,0.0,986.0,242.708333333333,322.18837038989,42.42,98.4,68.2016666666667,19.7609460402532
2354523,11020.0,2003-06-30,87.4,26.0,15.0,5.8,,,,,0.0,956.0,218.416666666667,318.571801566967,48.46,100.0,86.6308333333333,15.1873914858651
2354524,11020.0,2003-07-01,11.6,26.0,15.0,4.46,,,,,0.0,1029.0,273.083333333333,375.061028850398,58.45,100.0,88.1083333333333,14.599292617368
2354525,11020.0,2003-07-02,15.4,28.0,15.5,6.28,,,,,0.0,675.0,190.75,237.242721059366,61.51,100.0,85.81,11.9678711193944
2354526,11020.0,2003-07-03,50.6,29.0,16.0,7.35,,,,,0.0,953.0,235.208333333333,329.671638896575,48.66,100.0,86.2375,16.7960021770192
2354527,11020.0,2003-07-04,4.9,23.5,16.0,2.44,,,,,0.0,799.0,158.791666666667,240.763817006855,64.24,100.0,90.9866666666667,11.697526556338
2354528,11020.0,2003-07-05,8.4,23.0,16.0,2.66,,,,,0.0,823.0,176.125,278.064945885732,62.05,100.0,88.51875,11.6700826391396
2354529,11020.0,2003-07-06,10.4,23.0,16.0,2.0,,,,,0.0,798.0,158.208333333333,232.801833842819,69.55,100.0,92.0645833333333,10.2085266914548
2354530,11020.0,2003-07-07,23.0,28.0,16.0,7.9,,,,,0.0,965.0,168.125,272.103450995165,74.0,100.0,93.1375,9.70122414955968
2354531,11020.0,2003-07-08,22.8,28.5,16.0,4.9,,,,,0.0,787.0,229.708333333333,285.795682440182,72.0,100.0,89.2333333333333,8.92352370772437
2354532,11020.0,2003-07-09,0.0,26.0,16.0,4.98,,,,,0.0,1032.0,312.125,387.003236982306,57.68,100.0,86.3375,15.7937877853508
2354533,11020.0,2003-07-10,1.4,25.0,15.5,3.27,,,,,0.0,996.0,318.708333333333,376.150349122432,51.23,100.0,81.9204166666667,16.5013995398985
2354534,11020.0,2003-07-11,0.0,28.0,15.0,7.51,,,,,0.0,1059.0,356.416666666667,416.738674937191,38.8,100.0,74.5991666666667,22.1952011884799
2354535,11020.0,2003-07-12,0.0,29.5,12.5,6.95,,,,,0.0,1044.0,349.291666666667,408.21482826386,36.91,100.0,75.0058333333333,20.604631373989
2354536,11020.0,2003-07-13,0.0,31.0,11.5,8.83,,,,,0.0,1050.0,356.125,414.853804788899,34.15,100.0,68.1620833333333,22.3810946966148
2354537,11020.0,2003-07-14,9.5,29.0,10.0,3.14,,,,,0.0,1067.0,360.333333333333,418.686836032215,47.33,100.0,77.1058333333333,19.3279254867973
2354538,11020.0,2003-07-15,4.3,29.0,11.5,6.6,,,,,0.0,1051.0,351.125,413.667931569146,44.81,100.0,76.4004166666667,20.3401728176931
2354539,11020.0,2003-07-16,15.3,28.5,,4.98,,,,,0.0,1045.0,346.291666666667,405.607915106574,49.65,100.0,77.6504166666667,18.7160350871668
2354540,11020.0,2003-07-17,0.0,29.0,16.0,5.01,,,,,0.0,931.0,278.25,343.29518924174,54.45,97.3,77.9625,13.1739212907134
2354541,11020.0,2003-07-18,0.0,29.0,16.5,9.37,,,,,0.0,1028.0,331.375,401.411077650916,40.99,99.0,72.1116666666667,22.4944895023429
2354542,11020.0,2003-07-19,0.0,29.0,14.0,5.2,,,,,0.0,1009.0,335.208333333333,393.532273596866,50.29,99.8,75.1841666666667,18.0659121520077
2354543,11020.0,2003-07-20,4.2,30.0,14.5,3.67,,,,,0.0,1044.0,342.958333333333,406.312417724467,51.83,100.0,75.7758333333333,16.9964750608105
2354544,11020.0,2003-07-21,3.3,30.5,14.0,6.14,,,,,0.0,1078.0,259.916666666667,351.864958862576,54.22,100.0,80.47375,16.9493151875256
2354545,11020.0,2003-07-22,0.0,30.5,15.0,4.68,,,,,0.0,1002.0,309.041666666667,371.390393353628,36.57,100.0,78.2775,22.3927908138933
2354546,11020.0,2003-07-23,0.0,29.0,16.0,5.1,,,,,0.0,1066.0,326.958333333333,387.505790045569,41.23,100.0,76.3525,21.9542600105013
2354547,11020.0,2003-07-24,0.0,30.0,14.0,5.27,,,,,0.0,1007.0,323.208333333333,393.367841921491,43.7,100.0,75.1404166666667,22.082364688901
2354548,11020.0,2003-07-25,0.0,30.0,14.5,6.83,,,,,0.0,1038.0,320.416666666667,384.316323140046,41.65,100.0,72.9329166666667,21.4976084573158
2354549,11020.0,2003-07-26,16.4,30.5,15.0,7.15,,,,,0.0,965.0,295.208333333333,351.243255131486,40.74,100.0,72.66375,19.3089294082117
2354550,11020.0,2003-07-27,16.2,27.0,16.0,6.27,,,,,0.0,867.0,237.791666666667,292.198410727855,60.07,93.4,75.7154166666667,10.6762715276394
2354551,11020.0,2003-07-28,0.9,28.0,14.0,3.63,,,,,0.0,973.0,231.958333333333,332.279541712366,54.69,100.0,82.43625,17.3385130029127
2354552,11020.0,2003-07-29,6.0,29.0,14.5,6.64,,,,,0.0,1122.0,221.541666666667,357.555465951626,51.46,100.0,87.6625,14.8416312973075
2354553,11020.0,2003-07-30,16.4,22.0,16.0,6.23,,,,,0.0,669.0,161.958333333333,218.13228518626,69.74,100.0,88.47125,12.2037140862936
2354554,11020.0,2003-07-31,4.4,22.0,16.0,2.51,,,,,0.0,909.0,180.791666666667,294.873293226041,67.53,100.0,89.3179166666667,11.1027712870987
2354555,11020.0,2003-08-01,6.0,26.0,15.0,3.61,,,,,0.0,1013.0,198.708333333333,320.279426800855,58.22,100.0,88.8375,13.2229093851805
2354556,11020.0,2003-08-02,0.0,28.0,14.0,5.4,,,,,0.0,1099.0,237.833333333333,336.57477580791,59.63,100.0,87.3416666666667,14.1695081890248
2354557,11020.0,2003-08-03,0.0,27.0,13.5,3.45,,,,,0.0,981.0,248.708333333333,350.530092880045,54.52,100.0,87.3233333333333,13.0043653763104
2354558,11020.0,2003-08-04,0.0,29.0,13.5,4.77,,,,,0.0,1008.0,279.125,384.446333960479,53.78,100.0,86.1229166666667,17.842331802953
2354559,11020.0,2003-08-05,3.8,29.0,14.0,4.12,,,,,0.0,974.0,277.25,358.735369342627,46.32,100.0,81.9470833333333,17.5949870526823
2354560,11020.0,2003-08-06,15.5,27.0,14.0,4.55,,,,,0.0,949.0,266.875,349.037223939872,56.64,100.0,84.8958333333333,17.8422105563249
2354561,11020.0,2003-08-07,0.0,29.0,14.0,4.93,,,,,0.0,975.0,266.916666666667,359.970761695116,50.48,100.0,81.2941666666667,19.2297672139173
2354562,11020.0,2003-08-08,0.0,29.5,14.0,7.34,,,,,0.0,1014.0,326.541666666667,399.294484240551,36.27,100.0,72.1433333333333,24.5504937817457
2354563,11020.0,2003-08-09,0.0,30.0,14.0,0.66,,,,,0.0,1021.0,332.75,403.84437919661,34.22,100.0,67.495,22.6706303013584
2354564,11020.0,2003-08-10,0.0,30.5,16.0,6.11,,,,,0.0,1029.0,330.0,399.55311993798,39.45,100.0,69.4191666666667,21.8424604277135
2354565,11020.0,2003-08-11,0.0,30.0,15.0,7.27,,,,,0.0,1026.0,324.166666666667,406.742592104496,36.57,100.0,76.2283333333333,23.8669880554832
2354566,11020.0,2003-08-12,26.0,29.0,15.0,5.12,,,,,0.0,858.0,274.958333333333,330.127838106322,39.6,100.0,73.2166666666667,22.8245469818688
2354567,11020.0,2003-08-13,0.0,29.0,14.5,4.16,,,,,0.0,1024.0,323.166666666667,401.115040059979,55.81,100.0,78.3241666666667,17.0331957012506
2354568,11020.0,2003-08-14,0.0,26.5,14.0,3.43,,,,,0.0,796.0,222.833333333333,285.025501020319,59.75,98.6,81.8166666666667,12.4253428494966
2354569,11020.0,2003-08-15,0.0,28.0,16.0,7.57,,,,,0.0,803.0,249.708333333333,291.499642652726,66.61,100.0,84.8045833333333,11.9630692510658
2354570,11020.0,2003-08-16,13.3,26.0,13.5,4.02,,,,,0.0,936.0,200.416666666667,258.54575184501,59.13,100.0,84.1408333333333,15.354498538289
2354571,11020.0,2003-08-17,12.4,29.0,14.0,5.67,,,,,0.0,788.0,224.041666666667,274.224991593569,44.75,100.0,75.9266666666667,19.0164010828792
2354572,11020.0,2003-08-18,24.7,25.0,15.5,6.64,,,,,0.0,1027.0,206.125,296.425709220635,50.42,100.0,81.5925,14.6766404904854
2354573,11020.0,2003-08-19,36.3,27.5,14.0,6.81,,,,,0.0,828.0,184.708333333333,274.178691203647,54.45,100.0,86.5433333333333,15.5951167570707
2354574,11020.0,2003-08-20,2.0,27.0,14.0,4.21,,,,,0.0,1047.0,177.708333333333,296.839069145243,61.61,100.0,91.75875,11.7644920112434
2354575,11020.0,2003-08-21,7.1,22.0,,0.7,,,,,0.0,747.0,144.0,196.13792839867,71.9,100.0,92.7541666666667,9.43775853854526
2354576,11020.0,2003-08-22,35.7,22.5,16.0,0.77,,,,,0.0,570.0,113.208333333333,166.021732251263,83.6,100.0,94.9166666666667,5.7521766516584
2354577,11020.0,2003-08-23,16.7,26.5,15.0,6.07,,,,,0.0,847.0,167.375,247.660674679305,72.9,100.0,93.1875,9.94403087284025
2354578,11020.0,2003-08-24,3.4,25.0,15.0,2.92,,,,,0.0,871.0,210.125,282.835996801957,68.53,100.0,90.33875,11.716370677297
2354579,11020.0,2003-08-25,0.9,27.0,14.5,4.12,,,,,0.0,983.0,289.5,368.64298741996,62.02,100.0,87.1966666666667,14.9996172898038
2354580,11020.0,2003-08-26,0.0,28.0,13.0,4.25,,,,,0.0,934.0,275.25,333.470714443269,54.12,100.0,84.7979166666667,16.4360393989303
2354581,11020.0,2003-08-27,8.2,28.0,13.5,4.9,,,,,0.0,993.0,251.875,341.937740646248,56.44,100.0,85.0083333333333,16.3817264755227
2354582,11020.0,2003-08-28,0.0,30.0,16.0,6.3,,,,,0.0,1079.0,313.416666666667,408.906273588105,45.75,100.0,81.9458333333333,18.531072827684
2354583,11020.0,2003-08-29,0.0,30.0,14.0,3.22,,,,,0.0,1004.0,311.708333333333,389.329354164944,39.73,100.0,78.5420833333333,23.6398127667062
2354584,11020.0,2003-08-30,0.0,30.0,14.0,6.25,,,,,0.0,1009.0,323.0,396.448472445472,51.83,100.0,78.91625,19.4210779292701
2354585,11020.0,2003-08-31,0.0,31.0,14.0,5.7,,,,,0.0,974.0,306.958333333333,378.704941836008,49.08,100.0,78.8145833333333,19.6163254944905
2354586,11020.0,2003-09-01,1.0,28.0,15.0,4.35,,,,,0.0,887.0,234.125,304.437373084243,57.26,100.0,81.9254166666667,14.4839593371326
2354587,11020.0,2003-09-02,32.4,29.0,12.5,9.22,,,,,0.0,985.0,302.583333333333,376.396982461067,57.08,100.0,83.6304166666667,17.1133247040876
2354588,11020.0,2003-09-03,20.3,26.5,15.0,8.7,,,,,0.0,1012.0,284.666666666667,368.839739755884,60.64,100.0,84.8358333333333,16.123780956055
2354589,11020.0,2003-09-04,14.2,28.0,14.0,6.45,,,,,0.0,1107.0,280.666666666667,356.726501821002,51.16,100.0,81.98125,18.7602642774794
2354590,11020.0,2003-09-05,57.5,27.0,14.5,2.95,,,,,0.0,1109.0,174.333333333333,294.570382328108,58.12,100.0,86.69125,14.6380089856926
2354591,11020.0,2003-09-06,27.7,26.0,15.5,6.18,,,,,0.0,480.0,138.5,180.35158899265,58.42,100.0,88.6395833333333,12.1393461893875
2354592,11020.0,2003-09-07,13.9,25.5,16.0,2.57,,,,,0.0,725.0,160.333333333333,239.087880271572,64.47,100.0,90.12625,12.250309601234
2354593,11020.0,2003-09-08,1.5,27.0,15.0,3.63,,,,,0.0,855.0,217.708333333333,295.037724804763,58.08,100.0,86.7241666666667,14.9073104087622
2354594,11020.0,2003-09-09,22.4,28.0,16.0,7.16,,,,,0.0,998.0,235.0,311.101688953251,70.4,100.0,90.5333333333333,10.2345818999443
2354595,11020.0,2003-09-10,0.0,28.0,16.0,4.25,,,,,0.0,1085.0,277.25,374.078955860112,56.0,100.0,86.4904166666667,15.4984595248988
2354596,11020.0,2003-09-11,5.0,28.0,16.0,4.62,,,,,0.0,997.0,263.041666666667,358.377682627974,53.64,100.0,86.8995833333333,15.9029965672775
2354597,11020.0,2003-09-12,4.0,28.5,16.0,3.63,,,,,0.0,1051.0,252.125,361.149892101905,52.94,100.0,86.57375,16.3427419902803
2354598,11020.0,2003-09-13,9.9,26.5,16.5,2.93,,,,,0.0,930.0,230.166666666667,303.888232695862,60.13,100.0,85.2645833333333,14.910891548642
2354599,11020.0,2003-09-14,0.0,28.0,16.0,6.33,,,,,0.0,980.0,279.625,364.48281554291,63.48,100.0,87.5329166666667,13.7380533014868
2354600,11020.0,2003-09-15,0.0,26.5,16.0,6.07,,,,,0.0,837.0,186.375,266.706614987819,81.3,100.0,92.5541666666667,5.08475805646184
2354601,11020.0,2003-09-16,0.0,27.0,15.0,3.96,,,,,0.0,1033.0,218.958333333333,303.743953837362,78.4,100.0,93.1625,7.99281266813042
2354602,11020.0,2003-09-17,0.0,28.0,14.5,4.16,,,,,0.0,768.0,247.333333333333,304.587485350078,68.0,100.0,89.4808333333333,12.1897511893382
2354603,11020.0,2003-09-18,2.2,28.0,15.0,3.24,,,,,0.0,993.0,231.291666666667,300.783394425821,66.22,100.0,88.9904166666667,13.3616809275684
2354604,11020.0,2003-09-19,17.2,28.0,16.0,3.4,,,,,0.0,908.0,220.916666666667,313.111720118175,74.3,100.0,91.4791666666667,9.42134390702795
2354605,11020.0,2003-09-20,0.0,28.0,16.5,4.12,,,,,0.0,751.0,126.791666666667,191.70878711726,66.41,100.0,91.5466666666667,10.0381834779123
2354606,11020.0,2003-09-21,18.9,28.0,16.0,5.65,,,,,0.0,746.0,154.75,237.393317000546,57.38,100.0,89.9183333333333,14.7760778071286
2354607,11020.0,2003-09-22,0.6,29.5,17.0,5.11,,,,,0.0,900.0,229.291666666667,304.410117978257,70.4,100.0,90.2833333333333,10.8752477899473
2354608,11020.0,2003-09-23,0.0,29.0,17.5,4.65,,,,,0.0,973.0,295.875,385.652841465527,66.02,100.0,89.3258333333333,13.3539712108964
2354609,11020.0,2003-09-24,0.0,29.0,16.5,3.45,,,,,0.0,925.0,257.875,350.246908250637,59.29,100.0,88.5004166666667,16.0614251571805
2354610,11020.0,2003-09-25,1.0,31.0,14.5,5.07,,,,,0.0,994.0,277.75,372.92338063748,47.43,100.0,84.7991666666667,19.1077744060794
2354611,11020.0,2003-09-26,8.8,30.0,14.0,5.75,,,,,0.0,808.0,250.25,323.919910928075,47.65,100.0,83.6254166666667,19.7549912194288
2354612,11020.0,2003-09-27,0.0,28.0,15.0,4.02,,,,,0.0,992.0,190.708333333333,322.508035513868,55.9,100.0,86.6558333333333,15.3050298400819
2354613,11020.0,2003-09-28,0.0,28.0,15.5,4.0,,,,,0.0,601.0,121.916666666667,182.429001476493,81.8,100.0,95.65,5.69194701921629
2354614,11020.0,2003-09-29,0.0,29.0,16.0,3.62,,,,,0.0,118.0,31.625,40.8452141840281,93.8,100.0,98.8333333333333,2.08840831145691
2354615,11020.0,2003-09-30,0.0,25.0,13.0,5.73,,,,,0.0,961.0,236.625,358.249343881192,61.16,100.0,87.615,15.8504653614307
2354616,11020.0,2003-10-01,0.0,27.0,10.0,5.39,,,,,0.0,977.0,280.458333333333,372.920550947304,41.16,100.0,79.225,22.1388053956808
2354617,11020.0,2003-10-02,0.0,27.0,9.5,5.97,,,,,0.0,974.0,296.416666666667,378.548706494165,41.26,100.0,75.41125,23.2818907629943
2354618,11020.0,2003-10-03,0.0,28.0,9.5,5.38,,,,,0.0,841.0,218.75,290.951848698147,68.72,100.0,88.3925,10.3250035266864
2354619,11020.0,2003-10-04,0.0,30.0,10.5,5.4,,,,,0.0,929.0,257.333333333333,346.657037212971,55.09,100.0,85.88125,17.6481047910928
2354620,11020.0,2003-10-05,0.0,30.0,11.0,4.58,,,,,0.0,977.0,287.291666666667,378.623993723573,52.44,100.0,84.01875,19.0408940492733
2354621,11020.0,2003-10-06,0.0,27.5,10.5,4.25,,,,,0.0,921.0,191.375,291.61302715876,59.35,100.0,86.17125,14.804520553005
2354622,11020.0,2003-10-07,8.0,24.0,14.5,1.84,,,,,0.0,728.0,134.625,193.643512110808,69.34,100.0,90.67125,10.6500350326021
2354623,11020.0,2003-10-08,0.0,29.0,16.0,4.82,,,,,0.0,831.0,224.958333333333,321.130676254829,54.62,100.0,87.3716666666667,16.6266336017709
2354624,11020.0,2003-10-09,2.0,29.5,14.0,3.26,,,,,0.0,695.0,178.208333333333,257.633203903579,61.55,100.0,90.5254166666667,12.6582377299345
2354625,11020.0,2003-10-10,1.0,30.0,14.0,2.86,,,,,0.0,849.0,183.291666666667,258.209129796266,57.04,100.0,87.20125,16.4600787975556
2354626,11020.0,2003-10-11,0.0,31.0,13.5,3.0,,,,,0.0,751.0,192.5,270.915677560059,62.22,100.0,89.7591666666667,13.7449092288798
2354627,11020.0,2003-10-12,35.7,30.5,13.0,6.35,,,,,0.0,645.0,188.458333333333,255.07833053818,73.9,100.0,92.8708333333333,9.56981119102587
2354628,11020.0,2003-10-13,11.3,28.0,16.5,3.51,,,,,0.0,927.0,210.416666666667,303.816007917073,53.98,100.0,89.2879166666667,16.0795603387781
2354629,11020.0,2003-10-14,0.0,25.0,16.0,2.84,,,,,0.0,761.0,208.875,268.591545805636,57.99,100.0,88.61375,15.0544553025515
2354630,11020.0,2003-10-15,0.0,27.0,15.5,3.31,,,,,0.0,868.0,200.791666666667,271.556220324819,61.35,100.0,87.4833333333333,13.44126341974
2354631,11020.0,2003-10-16,0.0,29.0,14.0,4.02,,,,,0.0,912.0,222.541666666667,328.425887234544,49.85,100.0,89.2233333333333,15.9427567488695
2354632,11020.0,2003-10-17,0.0,28.0,14.0,4.78,,,,,0.0,732.0,173.541666666667,234.416385235048,58.11,100.0,87.1125,16.2019782071847
2354633,11020.0,2003-10-18,0.0,25.0,14.0,4.46,,,,,0.0,412.0,109.458333333333,148.567062639904,73.9,100.0,92.3916666666667,7.32837942027678
2354634,11020.0,2003-10-19,0.0,25.5,13.0,4.35,,,,,0.0,751.0,205.958333333333,262.10161971642,56.76,100.0,87.0716666666667,16.1941456589469
2354635,11020.0,2003-10-20,0.0,28.0,8.0,3.77,,,,,0.0,928.0,244.708333333333,336.676658088216,63.38,100.0,87.7129166666667,15.5058856929615
2354636,11020.0,2003-10-21,0.0,30.0,8.5,5.77,,,,,0.0,812.0,228.166666666667,316.242981247657,52.49,100.0,85.9625,17.5165584395228
2354637,11020.0,2003-10-22,0.0,29.0,10.0,3.76,,,,,0.0,783.0,196.166666666667,270.715423608833,64.93,100.0,88.9329166666667,13.9124290628034
2354638,11020.0,2003-10-23,0.0,29.0,11.0,4.12,,,,,0.0,817.0,212.458333333333,306.136795107744,39.63,100.0,83.1108333333333,23.440555698389
2354639,11020.0,2003-10-24,5.0,30.0,11.0,3.12,,,,,0.0,737.0,187.458333333333,284.775423213919,39.53,100.0,79.80375,23.6095470395568
2354640,11020.0,2003-10-25,0.0,30.0,15.0,3.21,,,,,0.0,847.0,171.541666666667,278.380093486002,40.2,100.0,81.4966666666667,20.401763066752
2354641,11020.0,2003-10-26,1.2,26.0,13.5,1.1,,,,,0.0,559.0,153.782608695652,204.191077296318,59.4,100.0,85.6147826086956,14.9635304747501
2354642,11020.0,2003-10-27,0.0,24.0,14.5,3.0,,,,,0.0,516.0,92.125,142.152493899119,66.44,100.0,95.7433333333333,8.2527269098932
2354643,11020.0,2003-10-28,0.0,29.0,9.5,4.43,,,,,0.0,860.0,235.041666666667,329.644931399076,42.2,100.0,85.6675,20.8653793243216
2354644,11020.0,2003-10-29,0.0,27.0,10.0,3.83,,,,,0.0,895.0,237.0,313.166020701064,44.13,100.0,79.75625,21.6063522890638
2354645,11020.0,2003-10-30,0.0,28.5,11.0,3.95,,,,,0.0,875.0,252.083333333333,334.8990654779,39.43,100.0,75.8454166666667,25.1626978886651
2354646,11020.0,2003-10-31,0.0,30.0,11.0,4.28,,,,,0.0,867.0,246.916666666667,328.871577508233,44.3,100.0,78.5541666666667,21.3552154136248
2354647,11020.0,2003-11-01,0.0,30.0,10.0,5.26,,,,,0.0,869.0,212.375,298.242943354691,58.5,100.0,88.29,15.0005857856633
2354648,11020.0,2003-11-02,0.0,28.5,11.0,3.03,,,,,0.0,606.0,147.208333333333,213.694210449675,63.21,100.0,90.2179166666667,13.3303651338382
2354649,11020.0,2003-11-03,0.0,29.0,12.5,1.8,,,,,0.0,859.0,242.791666666667,336.346997216018,47.6,100.0,85.7025,19.8379331957304
2354650,11020.0,2003-11-04,0.0,30.0,13.0,3.68,,,,,0.0,875.0,223.416666666667,320.09209499043,42.55,100.0,83.525,22.444804763454
2354651,11020.0,2003-11-05,0.0,30.0,13.0,3.78,,,,,0.0,871.0,226.416666666667,319.210155208768,44.26,100.0,80.81375,20.942186010331
2354652,11020.0,2003-11-06,0.0,30.0,12.0,4.72,,,,,0.0,866.0,234.166666666667,332.537368500557,20.91,100.0,79.0945833333333,27.4331869757221
2354653,11020.0,2003-11-07,0.0,30.0,8.5,3.45,,,,,0.0,863.0,248.208333333333,332.352612533693,42.66,100.0,81.9566666666667,20.5291567133752
2354654,11020.0,2003-11-08,0.0,30.5,9.0,5.32,,,,,0.0,810.0,222.375,304.387455106295,58.2,100.0,87.5454166666667,16.3926173677868
2354655,11020.0,2003-11-09,0.0,28.5,10.0,3.25,,,,,0.0,829.0,218.5,293.591997284608,67.35,100.0,88.2508333333333,11.8868926413368
2354656,11020.0,2003-11-10,0.0,30.0,11.0,5.12,,,,,0.0,855.0,242.958333333333,330.037610395183,58.47,100.0,86.2766666666667,14.7619489306759
2354657,11020.0,2003-11-11,0.0,30.0,9.0,4.86,,,,,0.0,816.0,222.916666666667,306.749709140809,54.64,100.0,87.4195833333333,17.5239750005197
2354658,11020.0,2003-11-12,0.0,30.0,10.5,5.1,,,,,0.0,853.0,232.958333333333,329.947621556838,36.84,100.0,81.9470833333333,23.017322678737
2354659,11020.0,2003-11-13,0.0,30.0,11.0,2.21,,,,,0.0,424.0,84.125,123.613462225917,77.9,100.0,94.0958333333333,6.864874625453
2354660,11020.0,2003-11-14,0.0,27.5,10.0,3.18,,,,,0.0,872.0,213.875,309.70102167427,56.59,100.0,88.155,17.0844676470357
2354661,11020.0,2003-11-15,0.0,27.0,11.5,3.1,,,,,0.0,825.0,200.458333333333,299.037002097046,40.2,100.0,84.86625,22.5485977222339
2354662,11020.0,2003-11-16,0.0,29.0,10.0,3.65,,,,,0.0,789.0,189.958333333333,268.526491149896,37.82,100.0,74.8345833333333,23.6992285655346
2354663,11020.0,2003-11-17,0.0,27.5,10.5,4.24,,,,,0.0,786.0,218.708333333333,295.685126174077,38.15,100.0,71.9083333333333,23.4636510125892
2354664,11020.0,2003-11-18,0.0,29.0,11.5,4.42,,,,,0.0,841.0,228.5,313.929374499923,24.54,95.5,58.1195833333333,21.6436247223793
2354665,11020.0,2003-11-19,0.0,27.5,10.0,4.41,,,,,0.0,743.0,180.041666666667,253.431318054842,40.76,98.7,73.7679166666667,17.9570751417074
2354666,11020.0,2003-11-20,0.0,27.0,7.5,3.32,,,,,0.0,854.0,170.541666666667,247.077523332722,22.06,100.0,71.8954166666667,28.8427379118839
2354667,11020.0,2003-11-21,0.0,31.0,7.0,2.4,,,,,0.0,829.0,232.416666666667,319.730173830952,15.6,100.0,61.9329166666667,31.3610800722345
2354668,11020.0,2003-11-22,0.0,29.0,8.0,3.18,,,,,0.0,813.0,229.583333333333,312.291240416025,24.24,99.0,59.3870833333333,28.1192139909887
2354669,11020.0,2003-11-23,0.0,29.0,9.5,3.22,,,,,0.0,781.0,222.333333333333,299.305669939564,26.42,100.0,61.2675,26.6387736775453
2354670,11020.0,2003-11-24,0.0,29.0,8.0,2.11,,,,,0.0,780.0,220.333333333333,302.626282180954,36.08,100.0,80.7845833333333,18.0356169309428
2354671,11020.0,2003-11-25,0.0,27.5,7.0,4.66,,,,,0.0,732.0,202.708333333333,280.223587618835,35.4,100.0,81.4275,24.9903585321463
2354672,11020.0,2003-11-26,0.0,28.0,8.5,3.41,,,,,0.0,825.0,219.083333333333,299.960999880443,31.16,100.0,71.6158333333333,24.173991578566
2354673,11020.0,2003-11-27,0.0,28.5,9.0,2.09,,,,,0.0,801.0,213.041666666667,296.197566141935,24.47,100.0,67.985,29.0656272417528
2354674,11020.0,2003-11-28,0.0,18.0,10.0,3.5,,,,,0.0,674.0,146.25,214.84721568351,36.52,97.4,69.1304166666667,17.3634625076228
2354675,11020.0,2003-11-29,0.0,26.0,4.0,2.49,,,,,0.0,750.0,205.958333333333,284.891814579662,37.49,87.2,63.14875,15.2839826111037
2354676,11020.0,2003-11-30,0.0,29.5,3.5,2.41,,,,,0.0,821.0,227.875,311.711169611982,20.0,100.0,65.1616666666667,28.5139772997257
2354677,11020.0,2003-12-01,0.0,29.0,7.5,4.1,,,,,0.0,812.0,224.875,305.191217678075,21.45,100.0,58.41625,27.5308596515288
2354678,11020.0,2003-12-02,0.0,28.0,6.5,2.0,,,,,0.0,838.0,196.541666666667,288.846729202556,46.07,100.0,76.67,17.5728030972765
2354679,11020.0,2003-12-03,0.0,27.0,5.5,2.13,,,,,0.0,769.0,198.0,290.193338850228,29.25,100.0,82.8208333333333,28.6418811497622
2354680,11020.0,2003-12-04,0.0,25.0,6.0,3.17,,,,,0.0,811.0,229.041666666667,312.058868354739,21.79,100.0,63.8954166666667,28.9661415507931
2354681,11020.0,2003-12-05,0.0,25.0,4.5,3.27,,,,,0.0,806.0,212.25,305.982984750005,44.19,100.0,77.3395833333333,21.7141111159995
2354682,11020.0,2003-12-06,0.0,24.5,4.0,3.85,,,,,0.0,786.0,204.708333333333,277.824855551693,55.46,100.0,80.9283333333333,14.7606488212134
2354683,11020.0,2003-12-07,0.0,25.0,3.5,1.04,,,,,0.0,747.0,193.416666666667,288.444390943327,33.02,100.0,83.6795833333333,26.692827481353
2354684,11020.0,2003-12-08,0.0,23.0,5.5,1.22,,,,,0.0,727.0,191.083333333333,259.652764227563,31.2,100.0,69.8558333333333,27.8167669044138
2354685,11020.0,2003-12-09,0.0,24.0,5.5,4.65,,,,,0.0,777.0,205.791666666667,297.429126255193,24.88,100.0,61.4620833333333,26.06144895354
2354686,11020.0,2003-12-10,0.0,26.0,3.5,2.19,,,,,0.0,761.0,204.291666666667,287.826106796488,34.54,99.7,66.8133333333333,21.49102252745
2354687,11020.0,2003-12-11,0.0,25.0,6.5,2.88,,,,,0.0,744.0,191.5,274.907573400668,34.97,100.0,76.0225,23.4325877228979
2354688,11020.0,2003-12-12,0.0,24.5,7.5,3.54,,,,,0.0,754.0,199.916666666667,285.726521218343,32.32,97.8,64.6466666666667,21.4806120199966
2354689,11020.0,2003-12-13,0.0,25.0,7.0,3.61,,,,,0.0,776.0,216.75,299.576403842376,20.61,87.1,57.2066666666667,23.2529859076891
2354690,11020.0,2003-12-14,0.0,27.0,4.5,2.66,,,,,0.0,808.0,225.875,310.453568957197,12.48,100.0,57.165,36.9031383135812
2354691,11020.0,2003-12-15,0.0,27.0,3.0,2.29,,,,,0.0,783.0,219.625,299.44075591734,15.3,91.4,48.9666666666667,28.0781520614945
2354692,11020.0,2003-12-16,0.0,26.0,3.5,2.52,,,,,0.0,772.0,207.666666666667,291.738069934788,16.61,81.9,49.735,23.4164869455169
2354693,11020.0,2003-12-17,0.0,24.5,2.0,3.32,,,,,0.0,771.0,210.666666666667,291.240624654727,24.55,90.4,62.70625,21.53510194452
2354694,11020.0,2003-12-18,0.0,25.0,1.5,2.54,,,,,0.0,895.0,211.375,298.547325284925,12.44,97.9,56.35125,31.3311513704117
2354695,11020.0,2003-12-19,0.0,25.0,0.5,2.71,,,,,0.0,786.0,213.75,293.821781238959,16.69,86.8,47.7108333333333,22.2036487241774
2354696,11020.0,2003-12-20,0.0,22.0,-0.5,1.63,,,,,0.0,790.0,198.791666666667,279.721286620103,14.8,99.3,60.2495833333333,30.1689120841402
2354697,11020.0,2003-12-21,0.0,25.5,0.0,1.55,,,,,0.0,770.0,220.458333333333,302.164939002391,9.85,94.9,54.6783333333333,31.4364517948396
2354698,11020.0,2003-12-22,0.0,28.0,1.5,1.9,,,,,0.0,786.0,221.208333333333,300.32923660929,10.02,94.6,51.7479166666667,32.1555902204817
2354699,11020.0,2003-12-23,0.0,27.0,3.0,3.46,,,,,0.0,787.0,218.5,298.234515250929,13.45,78.6,47.31,20.4403671370074
2354700,11020.0,2003-12-24,0.0,23.0,3.5,2.62,,,,,0.0,694.0,176.041666666667,248.830915031397,21.72,100.0,79.7008333333333,28.3824123307048
2354701,11020.0,2003-12-25,0.0,27.0,2.5,1.47,,,,,0.0,763.0,196.166666666667,274.756756718227,28.91,87.6,57.04125,21.4496075392292
2354702,11020.0,2003-12-26,0.0,28.0,5.0,2.64,,,,,0.0,779.0,202.5,285.40604179949,21.68,96.6,57.5541666666667,26.9070910189387
2354703,11020.0,2003-12-27,0.0,27.0,6.0,2.51,,,,,0.0,727.0,196.791666666667,281.555613344499,25.05,89.4,56.9583333333333,24.0978004889616
2354704,11020.0,2003-12-28,0.0,27.0,6.5,2.91,,,,,0.0,762.0,183.5,266.232000820468,26.93,90.4,56.93375,23.005382321554
2354705,11020.0,2003-12-29,0.0,24.5,7.0,1.02,,,,,0.0,618.0,121.208333333333,185.952536993967,29.86,82.6,59.3779166666667,18.4728865895202
2354706,11020.0,2003-12-30,0.0,26.0,4.0,3.65,,,,,0.0,772.0,170.25,272.644257787227,36.63,100.0,83.58,23.8860168299363
2354707,11020.0,2003-12-31,0.0,23.5,4.0,2.12,,,,,0.0,760.0,202.625,278.271030300223,25.66,100.0,69.3258333333333,28.0914970760017
